[
  {
    "name": "Application Start",
    "start": 1588596469361,
    "end": 1588596470378,
    "duration": 1017,
    "pid": 14816,
    "index": 0
  },
  {
    "name": "Load Plugin",
    "start": 1588596469370,
    "end": 1588596469429,
    "duration": 59,
    "pid": 14816,
    "index": 1
  },
  {
    "name": "Load Config",
    "start": 1588596469429,
    "end": 1588596469482,
    "duration": 53,
    "pid": 14816,
    "index": 2
  },
  {
    "name": "Require(0) config/config.default.js",
    "start": 1588596469430,
    "end": 1588596469431,
    "duration": 1,
    "pid": 14816,
    "index": 3
  },
  {
    "name": "Require(1) node_modules/egg-session/config/config.default.js",
    "start": 1588596469433,
    "end": 1588596469434,
    "duration": 1,
    "pid": 14816,
    "index": 4
  },
  {
    "name": "Require(2) node_modules/egg-security/config/config.default.js",
    "start": 1588596469435,
    "end": 1588596469437,
    "duration": 2,
    "pid": 14816,
    "index": 5
  },
  {
    "name": "Require(3) node_modules/egg-jsonp/config/config.default.js",
    "start": 1588596469438,
    "end": 1588596469439,
    "duration": 1,
    "pid": 14816,
    "index": 6
  },
  {
    "name": "Require(4) node_modules/egg-onerror/config/config.default.js",
    "start": 1588596469440,
    "end": 1588596469441,
    "duration": 1,
    "pid": 14816,
    "index": 7
  },
  {
    "name": "Require(5) node_modules/egg-i18n/config/config.default.js",
    "start": 1588596469442,
    "end": 1588596469443,
    "duration": 1,
    "pid": 14816,
    "index": 8
  },
  {
    "name": "Require(6) node_modules/egg-watcher/config/config.default.js",
    "start": 1588596469445,
    "end": 1588596469446,
    "duration": 1,
    "pid": 14816,
    "index": 9
  },
  {
    "name": "Require(7) node_modules/egg-schedule/config/config.default.js",
    "start": 1588596469447,
    "end": 1588596469448,
    "duration": 1,
    "pid": 14816,
    "index": 10
  },
  {
    "name": "Require(8) node_modules/egg-multipart/config/config.default.js",
    "start": 1588596469449,
    "end": 1588596469451,
    "duration": 2,
    "pid": 14816,
    "index": 11
  },
  {
    "name": "Require(9) node_modules/egg-development/config/config.default.js",
    "start": 1588596469452,
    "end": 1588596469453,
    "duration": 1,
    "pid": 14816,
    "index": 12
  },
  {
    "name": "Require(10) node_modules/egg-logrotator/config/config.default.js",
    "start": 1588596469454,
    "end": 1588596469455,
    "duration": 1,
    "pid": 14816,
    "index": 13
  },
  {
    "name": "Require(11) node_modules/egg-static/config/config.default.js",
    "start": 1588596469458,
    "end": 1588596469459,
    "duration": 1,
    "pid": 14816,
    "index": 14
  },
  {
    "name": "Require(12) node_modules/egg-view/config/config.default.js",
    "start": 1588596469461,
    "end": 1588596469462,
    "duration": 1,
    "pid": 14816,
    "index": 15
  },
  {
    "name": "Require(13) node_modules/egg-mysql/config/config.default.js",
    "start": 1588596469463,
    "end": 1588596469464,
    "duration": 1,
    "pid": 14816,
    "index": 16
  },
  {
    "name": "Require(14) node_modules/egg-cors/config/config.default.js",
    "start": 1588596469465,
    "end": 1588596469466,
    "duration": 1,
    "pid": 14816,
    "index": 17
  },
  {
    "name": "Require(15) node_modules/egg/config/config.default.js",
    "start": 1588596469466,
    "end": 1588596469467,
    "duration": 1,
    "pid": 14816,
    "index": 18
  },
  {
    "name": "Require(16) config/config.default.js",
    "start": 1588596469469,
    "end": 1588596469469,
    "duration": 0,
    "pid": 14816,
    "index": 19
  },
  {
    "name": "Require(17) node_modules/egg-security/config/config.local.js",
    "start": 1588596469471,
    "end": 1588596469471,
    "duration": 0,
    "pid": 14816,
    "index": 20
  },
  {
    "name": "Require(18) node_modules/egg-watcher/config/config.local.js",
    "start": 1588596469474,
    "end": 1588596469475,
    "duration": 1,
    "pid": 14816,
    "index": 21
  },
  {
    "name": "Require(19) node_modules/egg-view/config/config.local.js",
    "start": 1588596469479,
    "end": 1588596469479,
    "duration": 0,
    "pid": 14816,
    "index": 22
  },
  {
    "name": "Require(20) node_modules/egg/config/config.local.js",
    "start": 1588596469482,
    "end": 1588596469482,
    "duration": 0,
    "pid": 14816,
    "index": 23
  },
  {
    "name": "Load extend/application.js",
    "start": 1588596469484,
    "end": 1588596469527,
    "duration": 43,
    "pid": 14816,
    "index": 24
  },
  {
    "name": "Require(21) node_modules/egg-session/app/extend/application.js",
    "start": 1588596469485,
    "end": 1588596469486,
    "duration": 1,
    "pid": 14816,
    "index": 25
  },
  {
    "name": "Require(22) node_modules/egg-security/app/extend/application.js",
    "start": 1588596469487,
    "end": 1588596469491,
    "duration": 4,
    "pid": 14816,
    "index": 26
  },
  {
    "name": "Require(23) node_modules/egg-jsonp/app/extend/application.js",
    "start": 1588596469493,
    "end": 1588596469496,
    "duration": 3,
    "pid": 14816,
    "index": 27
  },
  {
    "name": "Require(24) node_modules/egg-logrotator/app/extend/application.js",
    "start": 1588596469502,
    "end": 1588596469508,
    "duration": 6,
    "pid": 14816,
    "index": 28
  },
  {
    "name": "Require(25) node_modules/egg-view/app/extend/application.js",
    "start": 1588596469510,
    "end": 1588596469515,
    "duration": 5,
    "pid": 14816,
    "index": 29
  },
  {
    "name": "Load extend/request.js",
    "start": 1588596469527,
    "end": 1588596469550,
    "duration": 23,
    "pid": 14816,
    "index": 30
  },
  {
    "name": "Require(26) node_modules/egg/app/extend/request.js",
    "start": 1588596469537,
    "end": 1588596469538,
    "duration": 1,
    "pid": 14816,
    "index": 31
  },
  {
    "name": "Load extend/response.js",
    "start": 1588596469550,
    "end": 1588596469573,
    "duration": 23,
    "pid": 14816,
    "index": 32
  },
  {
    "name": "Require(27) node_modules/egg/app/extend/response.js",
    "start": 1588596469559,
    "end": 1588596469563,
    "duration": 4,
    "pid": 14816,
    "index": 33
  },
  {
    "name": "Load extend/context.js",
    "start": 1588596469573,
    "end": 1588596469704,
    "duration": 131,
    "pid": 14816,
    "index": 34
  },
  {
    "name": "Require(28) node_modules/egg-security/app/extend/context.js",
    "start": 1588596469574,
    "end": 1588596469606,
    "duration": 32,
    "pid": 14816,
    "index": 35
  },
  {
    "name": "Require(29) node_modules/egg-jsonp/app/extend/context.js",
    "start": 1588596469607,
    "end": 1588596469610,
    "duration": 3,
    "pid": 14816,
    "index": 36
  },
  {
    "name": "Require(30) node_modules/egg-i18n/app/extend/context.js",
    "start": 1588596469612,
    "end": 1588596469613,
    "duration": 1,
    "pid": 14816,
    "index": 37
  },
  {
    "name": "Require(31) node_modules/egg-multipart/app/extend/context.js",
    "start": 1588596469615,
    "end": 1588596469688,
    "duration": 73,
    "pid": 14816,
    "index": 38
  },
  {
    "name": "Require(32) node_modules/egg-view/app/extend/context.js",
    "start": 1588596469690,
    "end": 1588596469692,
    "duration": 2,
    "pid": 14816,
    "index": 39
  },
  {
    "name": "Require(33) node_modules/egg/app/extend/context.js",
    "start": 1588596469693,
    "end": 1588596469694,
    "duration": 1,
    "pid": 14816,
    "index": 40
  },
  {
    "name": "Load extend/helper.js",
    "start": 1588596469704,
    "end": 1588596469770,
    "duration": 66,
    "pid": 14816,
    "index": 41
  },
  {
    "name": "Require(34) node_modules/egg-security/app/extend/helper.js",
    "start": 1588596469706,
    "end": 1588596469751,
    "duration": 45,
    "pid": 14816,
    "index": 42
  },
  {
    "name": "Require(35) node_modules/egg/app/extend/helper.js",
    "start": 1588596469759,
    "end": 1588596469760,
    "duration": 1,
    "pid": 14816,
    "index": 43
  },
  {
    "name": "Load app.js",
    "start": 1588596469771,
    "end": 1588596469910,
    "duration": 139,
    "pid": 14816,
    "index": 44
  },
  {
    "name": "Require(36) node_modules/egg-session/app.js",
    "start": 1588596469771,
    "end": 1588596469772,
    "duration": 1,
    "pid": 14816,
    "index": 45
  },
  {
    "name": "Require(37) node_modules/egg-security/app.js",
    "start": 1588596469773,
    "end": 1588596469776,
    "duration": 3,
    "pid": 14816,
    "index": 46
  },
  {
    "name": "Require(38) node_modules/egg-onerror/app.js",
    "start": 1588596469778,
    "end": 1588596469801,
    "duration": 23,
    "pid": 14816,
    "index": 47
  },
  {
    "name": "Require(39) node_modules/egg-i18n/app.js",
    "start": 1588596469802,
    "end": 1588596469836,
    "duration": 34,
    "pid": 14816,
    "index": 48
  },
  {
    "name": "Require(40) node_modules/egg-watcher/app.js",
    "start": 1588596469837,
    "end": 1588596469848,
    "duration": 11,
    "pid": 14816,
    "index": 49
  },
  {
    "name": "Require(41) node_modules/egg-schedule/app.js",
    "start": 1588596469849,
    "end": 1588596469852,
    "duration": 3,
    "pid": 14816,
    "index": 50
  },
  {
    "name": "Require(42) node_modules/egg-multipart/app.js",
    "start": 1588596469853,
    "end": 1588596469859,
    "duration": 6,
    "pid": 14816,
    "index": 51
  },
  {
    "name": "Require(43) node_modules/egg-development/app.js",
    "start": 1588596469859,
    "end": 1588596469860,
    "duration": 1,
    "pid": 14816,
    "index": 52
  },
  {
    "name": "Require(44) node_modules/egg-logrotator/app.js",
    "start": 1588596469861,
    "end": 1588596469861,
    "duration": 0,
    "pid": 14816,
    "index": 53
  },
  {
    "name": "Require(45) node_modules/egg-static/app.js",
    "start": 1588596469862,
    "end": 1588596469863,
    "duration": 1,
    "pid": 14816,
    "index": 54
  },
  {
    "name": "Require(46) node_modules/egg-mysql/app.js",
    "start": 1588596469865,
    "end": 1588596469906,
    "duration": 41,
    "pid": 14816,
    "index": 55
  },
  {
    "name": "Require(47) node_modules/egg-cors/app.js",
    "start": 1588596469906,
    "end": 1588596469907,
    "duration": 1,
    "pid": 14816,
    "index": 56
  },
  {
    "name": "Before Start in node_modules/egg-watcher/lib/init.js:15:14",
    "start": 1588596469927,
    "end": 1588596470371,
    "duration": 444,
    "pid": 14816,
    "index": 57
  },
  {
    "name": "Before Start in node_modules/egg-mysql/lib/mysql.js:20:7",
    "start": 1588596470111,
    "end": 1588596470378,
    "duration": 267,
    "pid": 14816,
    "index": 58
  },
  {
    "name": "Load Service",
    "start": 1588596470111,
    "end": 1588596470121,
    "duration": 10,
    "pid": 14816,
    "index": 59
  },
  {
    "name": "Load \"service\" to Context",
    "start": 1588596470111,
    "end": 1588596470121,
    "duration": 10,
    "pid": 14816,
    "index": 60
  },
  {
    "name": "Load Middleware",
    "start": 1588596470121,
    "end": 1588596470303,
    "duration": 182,
    "pid": 14816,
    "index": 61
  },
  {
    "name": "Load \"middlewares\" to Application",
    "start": 1588596470121,
    "end": 1588596470283,
    "duration": 162,
    "pid": 14816,
    "index": 62
  },
  {
    "name": "Load Controller",
    "start": 1588596470303,
    "end": 1588596470316,
    "duration": 13,
    "pid": 14816,
    "index": 63
  },
  {
    "name": "Load \"controller\" to Application",
    "start": 1588596470303,
    "end": 1588596470316,
    "duration": 13,
    "pid": 14816,
    "index": 64
  },
  {
    "name": "Load Router",
    "start": 1588596470316,
    "end": 1588596470326,
    "duration": 10,
    "pid": 14816,
    "index": 65
  },
  {
    "name": "Require(48) app/router.js",
    "start": 1588596470317,
    "end": 1588596470318,
    "duration": 1,
    "pid": 14816,
    "index": 66
  },
  {
    "name": "Before Start in node_modules/egg-core/lib/egg.js:303:10",
    "start": 1588596470321,
    "end": 1588596470352,
    "duration": 31,
    "pid": 14816,
    "index": 67
  }
]