[
  {
    "name": "Application Start",
    "start": 1588596286735,
    "end": 1588596288664,
    "duration": 1929,
    "pid": 5964,
    "index": 0
  },
  {
    "name": "Load Plugin",
    "start": 1588596286745,
    "end": 1588596286806,
    "duration": 61,
    "pid": 5964,
    "index": 1
  },
  {
    "name": "Load Config",
    "start": 1588596286806,
    "end": 1588596286869,
    "duration": 63,
    "pid": 5964,
    "index": 2
  },
  {
    "name": "Require(0) config/config.default.js",
    "start": 1588596286808,
    "end": 1588596286808,
    "duration": 0,
    "pid": 5964,
    "index": 3
  },
  {
    "name": "Require(1) node_modules/egg-session/config/config.default.js",
    "start": 1588596286811,
    "end": 1588596286812,
    "duration": 1,
    "pid": 5964,
    "index": 4
  },
  {
    "name": "Require(2) node_modules/egg-security/config/config.default.js",
    "start": 1588596286813,
    "end": 1588596286814,
    "duration": 1,
    "pid": 5964,
    "index": 5
  },
  {
    "name": "Require(3) node_modules/egg-jsonp/config/config.default.js",
    "start": 1588596286815,
    "end": 1588596286816,
    "duration": 1,
    "pid": 5964,
    "index": 6
  },
  {
    "name": "Require(4) node_modules/egg-onerror/config/config.default.js",
    "start": 1588596286817,
    "end": 1588596286819,
    "duration": 2,
    "pid": 5964,
    "index": 7
  },
  {
    "name": "Require(5) node_modules/egg-i18n/config/config.default.js",
    "start": 1588596286820,
    "end": 1588596286821,
    "duration": 1,
    "pid": 5964,
    "index": 8
  },
  {
    "name": "Require(6) node_modules/egg-watcher/config/config.default.js",
    "start": 1588596286823,
    "end": 1588596286824,
    "duration": 1,
    "pid": 5964,
    "index": 9
  },
  {
    "name": "Require(7) node_modules/egg-schedule/config/config.default.js",
    "start": 1588596286826,
    "end": 1588596286827,
    "duration": 1,
    "pid": 5964,
    "index": 10
  },
  {
    "name": "Require(8) node_modules/egg-multipart/config/config.default.js",
    "start": 1588596286828,
    "end": 1588596286830,
    "duration": 2,
    "pid": 5964,
    "index": 11
  },
  {
    "name": "Require(9) node_modules/egg-development/config/config.default.js",
    "start": 1588596286831,
    "end": 1588596286833,
    "duration": 2,
    "pid": 5964,
    "index": 12
  },
  {
    "name": "Require(10) node_modules/egg-logrotator/config/config.default.js",
    "start": 1588596286834,
    "end": 1588596286835,
    "duration": 1,
    "pid": 5964,
    "index": 13
  },
  {
    "name": "Require(11) node_modules/egg-static/config/config.default.js",
    "start": 1588596286837,
    "end": 1588596286839,
    "duration": 2,
    "pid": 5964,
    "index": 14
  },
  {
    "name": "Require(12) node_modules/egg-view/config/config.default.js",
    "start": 1588596286841,
    "end": 1588596286843,
    "duration": 2,
    "pid": 5964,
    "index": 15
  },
  {
    "name": "Require(13) node_modules/egg-mysql/config/config.default.js",
    "start": 1588596286845,
    "end": 1588596286846,
    "duration": 1,
    "pid": 5964,
    "index": 16
  },
  {
    "name": "Require(14) node_modules/egg-cors/config/config.default.js",
    "start": 1588596286847,
    "end": 1588596286851,
    "duration": 4,
    "pid": 5964,
    "index": 17
  },
  {
    "name": "Require(15) node_modules/egg/config/config.default.js",
    "start": 1588596286852,
    "end": 1588596286853,
    "duration": 1,
    "pid": 5964,
    "index": 18
  },
  {
    "name": "Require(16) config/config.default.js",
    "start": 1588596286856,
    "end": 1588596286856,
    "duration": 0,
    "pid": 5964,
    "index": 19
  },
  {
    "name": "Require(17) node_modules/egg-security/config/config.local.js",
    "start": 1588596286858,
    "end": 1588596286858,
    "duration": 0,
    "pid": 5964,
    "index": 20
  },
  {
    "name": "Require(18) node_modules/egg-watcher/config/config.local.js",
    "start": 1588596286861,
    "end": 1588596286861,
    "duration": 0,
    "pid": 5964,
    "index": 21
  },
  {
    "name": "Require(19) node_modules/egg-view/config/config.local.js",
    "start": 1588596286865,
    "end": 1588596286866,
    "duration": 1,
    "pid": 5964,
    "index": 22
  },
  {
    "name": "Require(20) node_modules/egg/config/config.local.js",
    "start": 1588596286868,
    "end": 1588596286869,
    "duration": 1,
    "pid": 5964,
    "index": 23
  },
  {
    "name": "Load extend/application.js",
    "start": 1588596286870,
    "end": 1588596286908,
    "duration": 38,
    "pid": 5964,
    "index": 24
  },
  {
    "name": "Require(21) node_modules/egg-session/app/extend/application.js",
    "start": 1588596286872,
    "end": 1588596286873,
    "duration": 1,
    "pid": 5964,
    "index": 25
  },
  {
    "name": "Require(22) node_modules/egg-security/app/extend/application.js",
    "start": 1588596286874,
    "end": 1588596286878,
    "duration": 4,
    "pid": 5964,
    "index": 26
  },
  {
    "name": "Require(23) node_modules/egg-jsonp/app/extend/application.js",
    "start": 1588596286879,
    "end": 1588596286882,
    "duration": 3,
    "pid": 5964,
    "index": 27
  },
  {
    "name": "Require(24) node_modules/egg-logrotator/app/extend/application.js",
    "start": 1588596286886,
    "end": 1588596286891,
    "duration": 5,
    "pid": 5964,
    "index": 28
  },
  {
    "name": "Require(25) node_modules/egg-view/app/extend/application.js",
    "start": 1588596286892,
    "end": 1588596286896,
    "duration": 4,
    "pid": 5964,
    "index": 29
  },
  {
    "name": "Load extend/request.js",
    "start": 1588596286908,
    "end": 1588596286929,
    "duration": 21,
    "pid": 5964,
    "index": 30
  },
  {
    "name": "Require(26) node_modules/egg/app/extend/request.js",
    "start": 1588596286917,
    "end": 1588596286919,
    "duration": 2,
    "pid": 5964,
    "index": 31
  },
  {
    "name": "Load extend/response.js",
    "start": 1588596286929,
    "end": 1588596286959,
    "duration": 30,
    "pid": 5964,
    "index": 32
  },
  {
    "name": "Require(27) node_modules/egg/app/extend/response.js",
    "start": 1588596286944,
    "end": 1588596286948,
    "duration": 4,
    "pid": 5964,
    "index": 33
  },
  {
    "name": "Load extend/context.js",
    "start": 1588596286960,
    "end": 1588596287089,
    "duration": 129,
    "pid": 5964,
    "index": 34
  },
  {
    "name": "Require(28) node_modules/egg-security/app/extend/context.js",
    "start": 1588596286961,
    "end": 1588596286990,
    "duration": 29,
    "pid": 5964,
    "index": 35
  },
  {
    "name": "Require(29) node_modules/egg-jsonp/app/extend/context.js",
    "start": 1588596286991,
    "end": 1588596286994,
    "duration": 3,
    "pid": 5964,
    "index": 36
  },
  {
    "name": "Require(30) node_modules/egg-i18n/app/extend/context.js",
    "start": 1588596286996,
    "end": 1588596286997,
    "duration": 1,
    "pid": 5964,
    "index": 37
  },
  {
    "name": "Require(31) node_modules/egg-multipart/app/extend/context.js",
    "start": 1588596286999,
    "end": 1588596287071,
    "duration": 72,
    "pid": 5964,
    "index": 38
  },
  {
    "name": "Require(32) node_modules/egg-view/app/extend/context.js",
    "start": 1588596287074,
    "end": 1588596287076,
    "duration": 2,
    "pid": 5964,
    "index": 39
  },
  {
    "name": "Require(33) node_modules/egg/app/extend/context.js",
    "start": 1588596287078,
    "end": 1588596287079,
    "duration": 1,
    "pid": 5964,
    "index": 40
  },
  {
    "name": "Load extend/helper.js",
    "start": 1588596287089,
    "end": 1588596287148,
    "duration": 59,
    "pid": 5964,
    "index": 41
  },
  {
    "name": "Require(34) node_modules/egg-security/app/extend/helper.js",
    "start": 1588596287091,
    "end": 1588596287130,
    "duration": 39,
    "pid": 5964,
    "index": 42
  },
  {
    "name": "Require(35) node_modules/egg/app/extend/helper.js",
    "start": 1588596287137,
    "end": 1588596287138,
    "duration": 1,
    "pid": 5964,
    "index": 43
  },
  {
    "name": "Load app.js",
    "start": 1588596287148,
    "end": 1588596287292,
    "duration": 144,
    "pid": 5964,
    "index": 44
  },
  {
    "name": "Require(36) node_modules/egg-session/app.js",
    "start": 1588596287149,
    "end": 1588596287149,
    "duration": 0,
    "pid": 5964,
    "index": 45
  },
  {
    "name": "Require(37) node_modules/egg-security/app.js",
    "start": 1588596287150,
    "end": 1588596287153,
    "duration": 3,
    "pid": 5964,
    "index": 46
  },
  {
    "name": "Require(38) node_modules/egg-onerror/app.js",
    "start": 1588596287155,
    "end": 1588596287177,
    "duration": 22,
    "pid": 5964,
    "index": 47
  },
  {
    "name": "Require(39) node_modules/egg-i18n/app.js",
    "start": 1588596287178,
    "end": 1588596287214,
    "duration": 36,
    "pid": 5964,
    "index": 48
  },
  {
    "name": "Require(40) node_modules/egg-watcher/app.js",
    "start": 1588596287214,
    "end": 1588596287223,
    "duration": 9,
    "pid": 5964,
    "index": 49
  },
  {
    "name": "Require(41) node_modules/egg-schedule/app.js",
    "start": 1588596287224,
    "end": 1588596287227,
    "duration": 3,
    "pid": 5964,
    "index": 50
  },
  {
    "name": "Require(42) node_modules/egg-multipart/app.js",
    "start": 1588596287228,
    "end": 1588596287237,
    "duration": 9,
    "pid": 5964,
    "index": 51
  },
  {
    "name": "Require(43) node_modules/egg-development/app.js",
    "start": 1588596287239,
    "end": 1588596287240,
    "duration": 1,
    "pid": 5964,
    "index": 52
  },
  {
    "name": "Require(44) node_modules/egg-logrotator/app.js",
    "start": 1588596287241,
    "end": 1588596287241,
    "duration": 0,
    "pid": 5964,
    "index": 53
  },
  {
    "name": "Require(45) node_modules/egg-static/app.js",
    "start": 1588596287242,
    "end": 1588596287242,
    "duration": 0,
    "pid": 5964,
    "index": 54
  },
  {
    "name": "Require(46) node_modules/egg-mysql/app.js",
    "start": 1588596287244,
    "end": 1588596287287,
    "duration": 43,
    "pid": 5964,
    "index": 55
  },
  {
    "name": "Require(47) node_modules/egg-cors/app.js",
    "start": 1588596287287,
    "end": 1588596287288,
    "duration": 1,
    "pid": 5964,
    "index": 56
  },
  {
    "name": "Before Start in node_modules/egg-watcher/lib/init.js:15:14",
    "start": 1588596287312,
    "end": 1588596288652,
    "duration": 1340,
    "pid": 5964,
    "index": 57
  },
  {
    "name": "Before Start in node_modules/egg-mysql/lib/mysql.js:20:7",
    "start": 1588596287487,
    "end": 1588596288664,
    "duration": 1177,
    "pid": 5964,
    "index": 58
  },
  {
    "name": "Load Service",
    "start": 1588596287487,
    "end": 1588596287498,
    "duration": 11,
    "pid": 5964,
    "index": 59
  },
  {
    "name": "Load \"service\" to Context",
    "start": 1588596287488,
    "end": 1588596287498,
    "duration": 10,
    "pid": 5964,
    "index": 60
  },
  {
    "name": "Load Middleware",
    "start": 1588596287498,
    "end": 1588596287686,
    "duration": 188,
    "pid": 5964,
    "index": 61
  },
  {
    "name": "Load \"middlewares\" to Application",
    "start": 1588596287498,
    "end": 1588596287665,
    "duration": 167,
    "pid": 5964,
    "index": 62
  },
  {
    "name": "Load Controller",
    "start": 1588596287686,
    "end": 1588596287700,
    "duration": 14,
    "pid": 5964,
    "index": 63
  },
  {
    "name": "Load \"controller\" to Application",
    "start": 1588596287686,
    "end": 1588596287700,
    "duration": 14,
    "pid": 5964,
    "index": 64
  },
  {
    "name": "Load Router",
    "start": 1588596287700,
    "end": 1588596287708,
    "duration": 8,
    "pid": 5964,
    "index": 65
  },
  {
    "name": "Require(48) app/router.js",
    "start": 1588596287701,
    "end": 1588596287701,
    "duration": 0,
    "pid": 5964,
    "index": 66
  },
  {
    "name": "Before Start in node_modules/egg-core/lib/egg.js:303:10",
    "start": 1588596287704,
    "end": 1588596288625,
    "duration": 921,
    "pid": 5964,
    "index": 67
  }
]