[
  {
    "name": "Application Start",
    "start": 1588588708366,
    "end": 1588588720168,
    "duration": 11802,
    "pid": 5372,
    "index": 0
  },
  {
    "name": "Load Plugin",
    "start": 1588588708378,
    "end": 1588588708449,
    "duration": 71,
    "pid": 5372,
    "index": 1
  },
  {
    "name": "Load Config",
    "start": 1588588708449,
    "end": 1588588708508,
    "duration": 59,
    "pid": 5372,
    "index": 2
  },
  {
    "name": "Require(0) config/config.default.js",
    "start": 1588588708450,
    "end": 1588588708451,
    "duration": 1,
    "pid": 5372,
    "index": 3
  },
  {
    "name": "Require(1) node_modules/egg-session/config/config.default.js",
    "start": 1588588708453,
    "end": 1588588708455,
    "duration": 2,
    "pid": 5372,
    "index": 4
  },
  {
    "name": "Require(2) node_modules/egg-security/config/config.default.js",
    "start": 1588588708456,
    "end": 1588588708457,
    "duration": 1,
    "pid": 5372,
    "index": 5
  },
  {
    "name": "Require(3) node_modules/egg-jsonp/config/config.default.js",
    "start": 1588588708458,
    "end": 1588588708460,
    "duration": 2,
    "pid": 5372,
    "index": 6
  },
  {
    "name": "Require(4) node_modules/egg-onerror/config/config.default.js",
    "start": 1588588708461,
    "end": 1588588708463,
    "duration": 2,
    "pid": 5372,
    "index": 7
  },
  {
    "name": "Require(5) node_modules/egg-i18n/config/config.default.js",
    "start": 1588588708464,
    "end": 1588588708466,
    "duration": 2,
    "pid": 5372,
    "index": 8
  },
  {
    "name": "Require(6) node_modules/egg-watcher/config/config.default.js",
    "start": 1588588708468,
    "end": 1588588708469,
    "duration": 1,
    "pid": 5372,
    "index": 9
  },
  {
    "name": "Require(7) node_modules/egg-schedule/config/config.default.js",
    "start": 1588588708471,
    "end": 1588588708472,
    "duration": 1,
    "pid": 5372,
    "index": 10
  },
  {
    "name": "Require(8) node_modules/egg-multipart/config/config.default.js",
    "start": 1588588708474,
    "end": 1588588708475,
    "duration": 1,
    "pid": 5372,
    "index": 11
  },
  {
    "name": "Require(9) node_modules/egg-development/config/config.default.js",
    "start": 1588588708477,
    "end": 1588588708478,
    "duration": 1,
    "pid": 5372,
    "index": 12
  },
  {
    "name": "Require(10) node_modules/egg-logrotator/config/config.default.js",
    "start": 1588588708479,
    "end": 1588588708480,
    "duration": 1,
    "pid": 5372,
    "index": 13
  },
  {
    "name": "Require(11) node_modules/egg-static/config/config.default.js",
    "start": 1588588708484,
    "end": 1588588708485,
    "duration": 1,
    "pid": 5372,
    "index": 14
  },
  {
    "name": "Require(12) node_modules/egg-view/config/config.default.js",
    "start": 1588588708486,
    "end": 1588588708487,
    "duration": 1,
    "pid": 5372,
    "index": 15
  },
  {
    "name": "Require(13) node_modules/egg-mysql/config/config.default.js",
    "start": 1588588708488,
    "end": 1588588708489,
    "duration": 1,
    "pid": 5372,
    "index": 16
  },
  {
    "name": "Require(14) node_modules/egg-cors/config/config.default.js",
    "start": 1588588708491,
    "end": 1588588708492,
    "duration": 1,
    "pid": 5372,
    "index": 17
  },
  {
    "name": "Require(15) node_modules/egg/config/config.default.js",
    "start": 1588588708493,
    "end": 1588588708494,
    "duration": 1,
    "pid": 5372,
    "index": 18
  },
  {
    "name": "Require(16) config/config.default.js",
    "start": 1588588708495,
    "end": 1588588708495,
    "duration": 0,
    "pid": 5372,
    "index": 19
  },
  {
    "name": "Require(17) node_modules/egg-security/config/config.local.js",
    "start": 1588588708497,
    "end": 1588588708497,
    "duration": 0,
    "pid": 5372,
    "index": 20
  },
  {
    "name": "Require(18) node_modules/egg-watcher/config/config.local.js",
    "start": 1588588708500,
    "end": 1588588708501,
    "duration": 1,
    "pid": 5372,
    "index": 21
  },
  {
    "name": "Require(19) node_modules/egg-view/config/config.local.js",
    "start": 1588588708505,
    "end": 1588588708505,
    "duration": 0,
    "pid": 5372,
    "index": 22
  },
  {
    "name": "Require(20) node_modules/egg/config/config.local.js",
    "start": 1588588708507,
    "end": 1588588708508,
    "duration": 1,
    "pid": 5372,
    "index": 23
  },
  {
    "name": "Load extend/application.js",
    "start": 1588588708509,
    "end": 1588588710050,
    "duration": 1541,
    "pid": 5372,
    "index": 24
  },
  {
    "name": "Require(21) node_modules/egg-session/app/extend/application.js",
    "start": 1588588708510,
    "end": 1588588708592,
    "duration": 82,
    "pid": 5372,
    "index": 25
  },
  {
    "name": "Require(22) node_modules/egg-security/app/extend/application.js",
    "start": 1588588708950,
    "end": 1588588709392,
    "duration": 442,
    "pid": 5372,
    "index": 26
  },
  {
    "name": "Require(23) node_modules/egg-jsonp/app/extend/application.js",
    "start": 1588588709424,
    "end": 1588588709491,
    "duration": 67,
    "pid": 5372,
    "index": 27
  },
  {
    "name": "Require(24) node_modules/egg-logrotator/app/extend/application.js",
    "start": 1588588709498,
    "end": 1588588709504,
    "duration": 6,
    "pid": 5372,
    "index": 28
  },
  {
    "name": "Require(25) node_modules/egg-view/app/extend/application.js",
    "start": 1588588709535,
    "end": 1588588710031,
    "duration": 496,
    "pid": 5372,
    "index": 29
  },
  {
    "name": "Load extend/request.js",
    "start": 1588588710050,
    "end": 1588588710296,
    "duration": 246,
    "pid": 5372,
    "index": 30
  },
  {
    "name": "Require(26) node_modules/egg/app/extend/request.js",
    "start": 1588588710072,
    "end": 1588588710275,
    "duration": 203,
    "pid": 5372,
    "index": 31
  },
  {
    "name": "Load extend/response.js",
    "start": 1588588710296,
    "end": 1588588710502,
    "duration": 206,
    "pid": 5372,
    "index": 32
  },
  {
    "name": "Require(27) node_modules/egg/app/extend/response.js",
    "start": 1588588710466,
    "end": 1588588710486,
    "duration": 20,
    "pid": 5372,
    "index": 33
  },
  {
    "name": "Load extend/context.js",
    "start": 1588588710502,
    "end": 1588588710616,
    "duration": 114,
    "pid": 5372,
    "index": 34
  },
  {
    "name": "Require(28) node_modules/egg-security/app/extend/context.js",
    "start": 1588588710504,
    "end": 1588588710528,
    "duration": 24,
    "pid": 5372,
    "index": 35
  },
  {
    "name": "Require(29) node_modules/egg-jsonp/app/extend/context.js",
    "start": 1588588710528,
    "end": 1588588710531,
    "duration": 3,
    "pid": 5372,
    "index": 36
  },
  {
    "name": "Require(30) node_modules/egg-i18n/app/extend/context.js",
    "start": 1588588710533,
    "end": 1588588710533,
    "duration": 0,
    "pid": 5372,
    "index": 37
  },
  {
    "name": "Require(31) node_modules/egg-multipart/app/extend/context.js",
    "start": 1588588710536,
    "end": 1588588710600,
    "duration": 64,
    "pid": 5372,
    "index": 38
  },
  {
    "name": "Require(32) node_modules/egg-view/app/extend/context.js",
    "start": 1588588710602,
    "end": 1588588710604,
    "duration": 2,
    "pid": 5372,
    "index": 39
  },
  {
    "name": "Require(33) node_modules/egg/app/extend/context.js",
    "start": 1588588710606,
    "end": 1588588710607,
    "duration": 1,
    "pid": 5372,
    "index": 40
  },
  {
    "name": "Load extend/helper.js",
    "start": 1588588710616,
    "end": 1588588711526,
    "duration": 910,
    "pid": 5372,
    "index": 41
  },
  {
    "name": "Require(34) node_modules/egg-security/app/extend/helper.js",
    "start": 1588588710617,
    "end": 1588588711447,
    "duration": 830,
    "pid": 5372,
    "index": 42
  },
  {
    "name": "Require(35) node_modules/egg/app/extend/helper.js",
    "start": 1588588711458,
    "end": 1588588711513,
    "duration": 55,
    "pid": 5372,
    "index": 43
  },
  {
    "name": "Load app.js",
    "start": 1588588711526,
    "end": 1588588712772,
    "duration": 1246,
    "pid": 5372,
    "index": 44
  },
  {
    "name": "Require(36) node_modules/egg-session/app.js",
    "start": 1588588711528,
    "end": 1588588711528,
    "duration": 0,
    "pid": 5372,
    "index": 45
  },
  {
    "name": "Require(37) node_modules/egg-security/app.js",
    "start": 1588588711854,
    "end": 1588588711870,
    "duration": 16,
    "pid": 5372,
    "index": 46
  },
  {
    "name": "Require(38) node_modules/egg-onerror/app.js",
    "start": 1588588711892,
    "end": 1588588712123,
    "duration": 231,
    "pid": 5372,
    "index": 47
  },
  {
    "name": "Require(39) node_modules/egg-i18n/app.js",
    "start": 1588588712137,
    "end": 1588588712441,
    "duration": 304,
    "pid": 5372,
    "index": 48
  },
  {
    "name": "Require(40) node_modules/egg-watcher/app.js",
    "start": 1588588712443,
    "end": 1588588712458,
    "duration": 15,
    "pid": 5372,
    "index": 49
  },
  {
    "name": "Require(41) node_modules/egg-schedule/app.js",
    "start": 1588588712481,
    "end": 1588588712498,
    "duration": 17,
    "pid": 5372,
    "index": 50
  },
  {
    "name": "Require(42) node_modules/egg-multipart/app.js",
    "start": 1588588712510,
    "end": 1588588712582,
    "duration": 72,
    "pid": 5372,
    "index": 51
  },
  {
    "name": "Require(43) node_modules/egg-development/app.js",
    "start": 1588588712667,
    "end": 1588588712668,
    "duration": 1,
    "pid": 5372,
    "index": 52
  },
  {
    "name": "Require(44) node_modules/egg-logrotator/app.js",
    "start": 1588588712669,
    "end": 1588588712670,
    "duration": 1,
    "pid": 5372,
    "index": 53
  },
  {
    "name": "Require(45) node_modules/egg-static/app.js",
    "start": 1588588712672,
    "end": 1588588712673,
    "duration": 1,
    "pid": 5372,
    "index": 54
  },
  {
    "name": "Require(46) node_modules/egg-mysql/app.js",
    "start": 1588588712676,
    "end": 1588588712735,
    "duration": 59,
    "pid": 5372,
    "index": 55
  },
  {
    "name": "Require(47) node_modules/egg-cors/app.js",
    "start": 1588588712736,
    "end": 1588588712768,
    "duration": 32,
    "pid": 5372,
    "index": 56
  },
  {
    "name": "Before Start in node_modules/egg-watcher/lib/init.js:15:14",
    "start": 1588588713079,
    "end": 1588588718990,
    "duration": 5911,
    "pid": 5372,
    "index": 57
  },
  {
    "name": "Before Start in node_modules/egg-mysql/lib/mysql.js:20:7",
    "start": 1588588715315,
    "end": 1588588720168,
    "duration": 4853,
    "pid": 5372,
    "index": 58
  },
  {
    "name": "Load Service",
    "start": 1588588715316,
    "end": 1588588715330,
    "duration": 14,
    "pid": 5372,
    "index": 59
  },
  {
    "name": "Load \"service\" to Context",
    "start": 1588588715316,
    "end": 1588588715330,
    "duration": 14,
    "pid": 5372,
    "index": 60
  },
  {
    "name": "Load Middleware",
    "start": 1588588715331,
    "end": 1588588718924,
    "duration": 3593,
    "pid": 5372,
    "index": 61
  },
  {
    "name": "Load \"middlewares\" to Application",
    "start": 1588588715331,
    "end": 1588588718877,
    "duration": 3546,
    "pid": 5372,
    "index": 62
  },
  {
    "name": "Load Controller",
    "start": 1588588718924,
    "end": 1588588718937,
    "duration": 13,
    "pid": 5372,
    "index": 63
  },
  {
    "name": "Load \"controller\" to Application",
    "start": 1588588718924,
    "end": 1588588718937,
    "duration": 13,
    "pid": 5372,
    "index": 64
  },
  {
    "name": "Load Router",
    "start": 1588588718937,
    "end": 1588588718945,
    "duration": 8,
    "pid": 5372,
    "index": 65
  },
  {
    "name": "Require(48) app/router.js",
    "start": 1588588718938,
    "end": 1588588718938,
    "duration": 0,
    "pid": 5372,
    "index": 66
  },
  {
    "name": "Before Start in node_modules/egg-core/lib/egg.js:303:10",
    "start": 1588588718940,
    "end": 1588588718969,
    "duration": 29,
    "pid": 5372,
    "index": 67
  }
]