[
  {
    "name": "Application Start",
    "start": 1588597369665,
    "end": 1588597370666,
    "duration": 1001,
    "pid": 5112,
    "index": 0
  },
  {
    "name": "Load Plugin",
    "start": 1588597369674,
    "end": 1588597369734,
    "duration": 60,
    "pid": 5112,
    "index": 1
  },
  {
    "name": "Load Config",
    "start": 1588597369734,
    "end": 1588597369787,
    "duration": 53,
    "pid": 5112,
    "index": 2
  },
  {
    "name": "Require(0) config/config.default.js",
    "start": 1588597369736,
    "end": 1588597369736,
    "duration": 0,
    "pid": 5112,
    "index": 3
  },
  {
    "name": "Require(1) node_modules/egg-session/config/config.default.js",
    "start": 1588597369739,
    "end": 1588597369740,
    "duration": 1,
    "pid": 5112,
    "index": 4
  },
  {
    "name": "Require(2) node_modules/egg-security/config/config.default.js",
    "start": 1588597369741,
    "end": 1588597369742,
    "duration": 1,
    "pid": 5112,
    "index": 5
  },
  {
    "name": "Require(3) node_modules/egg-jsonp/config/config.default.js",
    "start": 1588597369744,
    "end": 1588597369745,
    "duration": 1,
    "pid": 5112,
    "index": 6
  },
  {
    "name": "Require(4) node_modules/egg-onerror/config/config.default.js",
    "start": 1588597369746,
    "end": 1588597369747,
    "duration": 1,
    "pid": 5112,
    "index": 7
  },
  {
    "name": "Require(5) node_modules/egg-i18n/config/config.default.js",
    "start": 1588597369748,
    "end": 1588597369750,
    "duration": 2,
    "pid": 5112,
    "index": 8
  },
  {
    "name": "Require(6) node_modules/egg-watcher/config/config.default.js",
    "start": 1588597369751,
    "end": 1588597369752,
    "duration": 1,
    "pid": 5112,
    "index": 9
  },
  {
    "name": "Require(7) node_modules/egg-schedule/config/config.default.js",
    "start": 1588597369753,
    "end": 1588597369754,
    "duration": 1,
    "pid": 5112,
    "index": 10
  },
  {
    "name": "Require(8) node_modules/egg-multipart/config/config.default.js",
    "start": 1588597369755,
    "end": 1588597369756,
    "duration": 1,
    "pid": 5112,
    "index": 11
  },
  {
    "name": "Require(9) node_modules/egg-development/config/config.default.js",
    "start": 1588597369757,
    "end": 1588597369758,
    "duration": 1,
    "pid": 5112,
    "index": 12
  },
  {
    "name": "Require(10) node_modules/egg-logrotator/config/config.default.js",
    "start": 1588597369759,
    "end": 1588597369760,
    "duration": 1,
    "pid": 5112,
    "index": 13
  },
  {
    "name": "Require(11) node_modules/egg-static/config/config.default.js",
    "start": 1588597369761,
    "end": 1588597369762,
    "duration": 1,
    "pid": 5112,
    "index": 14
  },
  {
    "name": "Require(12) node_modules/egg-view/config/config.default.js",
    "start": 1588597369764,
    "end": 1588597369765,
    "duration": 1,
    "pid": 5112,
    "index": 15
  },
  {
    "name": "Require(13) node_modules/egg-mysql/config/config.default.js",
    "start": 1588597369766,
    "end": 1588597369767,
    "duration": 1,
    "pid": 5112,
    "index": 16
  },
  {
    "name": "Require(14) node_modules/egg-cors/config/config.default.js",
    "start": 1588597369768,
    "end": 1588597369772,
    "duration": 4,
    "pid": 5112,
    "index": 17
  },
  {
    "name": "Require(15) node_modules/egg/config/config.default.js",
    "start": 1588597369772,
    "end": 1588597369773,
    "duration": 1,
    "pid": 5112,
    "index": 18
  },
  {
    "name": "Require(16) config/config.default.js",
    "start": 1588597369775,
    "end": 1588597369775,
    "duration": 0,
    "pid": 5112,
    "index": 19
  },
  {
    "name": "Require(17) node_modules/egg-security/config/config.local.js",
    "start": 1588597369776,
    "end": 1588597369777,
    "duration": 1,
    "pid": 5112,
    "index": 20
  },
  {
    "name": "Require(18) node_modules/egg-watcher/config/config.local.js",
    "start": 1588597369779,
    "end": 1588597369780,
    "duration": 1,
    "pid": 5112,
    "index": 21
  },
  {
    "name": "Require(19) node_modules/egg-view/config/config.local.js",
    "start": 1588597369784,
    "end": 1588597369784,
    "duration": 0,
    "pid": 5112,
    "index": 22
  },
  {
    "name": "Require(20) node_modules/egg/config/config.local.js",
    "start": 1588597369786,
    "end": 1588597369787,
    "duration": 1,
    "pid": 5112,
    "index": 23
  },
  {
    "name": "Load extend/application.js",
    "start": 1588597369788,
    "end": 1588597369824,
    "duration": 36,
    "pid": 5112,
    "index": 24
  },
  {
    "name": "Require(21) node_modules/egg-session/app/extend/application.js",
    "start": 1588597369789,
    "end": 1588597369790,
    "duration": 1,
    "pid": 5112,
    "index": 25
  },
  {
    "name": "Require(22) node_modules/egg-security/app/extend/application.js",
    "start": 1588597369792,
    "end": 1588597369795,
    "duration": 3,
    "pid": 5112,
    "index": 26
  },
  {
    "name": "Require(23) node_modules/egg-jsonp/app/extend/application.js",
    "start": 1588597369796,
    "end": 1588597369800,
    "duration": 4,
    "pid": 5112,
    "index": 27
  },
  {
    "name": "Require(24) node_modules/egg-logrotator/app/extend/application.js",
    "start": 1588597369804,
    "end": 1588597369808,
    "duration": 4,
    "pid": 5112,
    "index": 28
  },
  {
    "name": "Require(25) node_modules/egg-view/app/extend/application.js",
    "start": 1588597369809,
    "end": 1588597369813,
    "duration": 4,
    "pid": 5112,
    "index": 29
  },
  {
    "name": "Load extend/request.js",
    "start": 1588597369824,
    "end": 1588597369844,
    "duration": 20,
    "pid": 5112,
    "index": 30
  },
  {
    "name": "Require(26) node_modules/egg/app/extend/request.js",
    "start": 1588597369833,
    "end": 1588597369834,
    "duration": 1,
    "pid": 5112,
    "index": 31
  },
  {
    "name": "Load extend/response.js",
    "start": 1588597369844,
    "end": 1588597369864,
    "duration": 20,
    "pid": 5112,
    "index": 32
  },
  {
    "name": "Require(27) node_modules/egg/app/extend/response.js",
    "start": 1588597369852,
    "end": 1588597369855,
    "duration": 3,
    "pid": 5112,
    "index": 33
  },
  {
    "name": "Load extend/context.js",
    "start": 1588597369864,
    "end": 1588597369993,
    "duration": 129,
    "pid": 5112,
    "index": 34
  },
  {
    "name": "Require(28) node_modules/egg-security/app/extend/context.js",
    "start": 1588597369866,
    "end": 1588597369890,
    "duration": 24,
    "pid": 5112,
    "index": 35
  },
  {
    "name": "Require(29) node_modules/egg-jsonp/app/extend/context.js",
    "start": 1588597369891,
    "end": 1588597369893,
    "duration": 2,
    "pid": 5112,
    "index": 36
  },
  {
    "name": "Require(30) node_modules/egg-i18n/app/extend/context.js",
    "start": 1588597369895,
    "end": 1588597369896,
    "duration": 1,
    "pid": 5112,
    "index": 37
  },
  {
    "name": "Require(31) node_modules/egg-multipart/app/extend/context.js",
    "start": 1588597369899,
    "end": 1588597369975,
    "duration": 76,
    "pid": 5112,
    "index": 38
  },
  {
    "name": "Require(32) node_modules/egg-view/app/extend/context.js",
    "start": 1588597369977,
    "end": 1588597369979,
    "duration": 2,
    "pid": 5112,
    "index": 39
  },
  {
    "name": "Require(33) node_modules/egg/app/extend/context.js",
    "start": 1588597369981,
    "end": 1588597369982,
    "duration": 1,
    "pid": 5112,
    "index": 40
  },
  {
    "name": "Load extend/helper.js",
    "start": 1588597369994,
    "end": 1588597370057,
    "duration": 63,
    "pid": 5112,
    "index": 41
  },
  {
    "name": "Require(34) node_modules/egg-security/app/extend/helper.js",
    "start": 1588597369996,
    "end": 1588597370037,
    "duration": 41,
    "pid": 5112,
    "index": 42
  },
  {
    "name": "Require(35) node_modules/egg/app/extend/helper.js",
    "start": 1588597370047,
    "end": 1588597370048,
    "duration": 1,
    "pid": 5112,
    "index": 43
  },
  {
    "name": "Load app.js",
    "start": 1588597370058,
    "end": 1588597370190,
    "duration": 132,
    "pid": 5112,
    "index": 44
  },
  {
    "name": "Require(36) node_modules/egg-session/app.js",
    "start": 1588597370058,
    "end": 1588597370059,
    "duration": 1,
    "pid": 5112,
    "index": 45
  },
  {
    "name": "Require(37) node_modules/egg-security/app.js",
    "start": 1588597370060,
    "end": 1588597370063,
    "duration": 3,
    "pid": 5112,
    "index": 46
  },
  {
    "name": "Require(38) node_modules/egg-onerror/app.js",
    "start": 1588597370065,
    "end": 1588597370084,
    "duration": 19,
    "pid": 5112,
    "index": 47
  },
  {
    "name": "Require(39) node_modules/egg-i18n/app.js",
    "start": 1588597370085,
    "end": 1588597370118,
    "duration": 33,
    "pid": 5112,
    "index": 48
  },
  {
    "name": "Require(40) node_modules/egg-watcher/app.js",
    "start": 1588597370119,
    "end": 1588597370127,
    "duration": 8,
    "pid": 5112,
    "index": 49
  },
  {
    "name": "Require(41) node_modules/egg-schedule/app.js",
    "start": 1588597370127,
    "end": 1588597370133,
    "duration": 6,
    "pid": 5112,
    "index": 50
  },
  {
    "name": "Require(42) node_modules/egg-multipart/app.js",
    "start": 1588597370134,
    "end": 1588597370141,
    "duration": 7,
    "pid": 5112,
    "index": 51
  },
  {
    "name": "Require(43) node_modules/egg-development/app.js",
    "start": 1588597370142,
    "end": 1588597370142,
    "duration": 0,
    "pid": 5112,
    "index": 52
  },
  {
    "name": "Require(44) node_modules/egg-logrotator/app.js",
    "start": 1588597370143,
    "end": 1588597370143,
    "duration": 0,
    "pid": 5112,
    "index": 53
  },
  {
    "name": "Require(45) node_modules/egg-static/app.js",
    "start": 1588597370144,
    "end": 1588597370145,
    "duration": 1,
    "pid": 5112,
    "index": 54
  },
  {
    "name": "Require(46) node_modules/egg-mysql/app.js",
    "start": 1588597370146,
    "end": 1588597370186,
    "duration": 40,
    "pid": 5112,
    "index": 55
  },
  {
    "name": "Require(47) node_modules/egg-cors/app.js",
    "start": 1588597370187,
    "end": 1588597370187,
    "duration": 0,
    "pid": 5112,
    "index": 56
  },
  {
    "name": "Before Start in node_modules/egg-watcher/lib/init.js:15:14",
    "start": 1588597370207,
    "end": 1588597370661,
    "duration": 454,
    "pid": 5112,
    "index": 57
  },
  {
    "name": "Before Start in node_modules/egg-mysql/lib/mysql.js:20:7",
    "start": 1588597370373,
    "end": 1588597370666,
    "duration": 293,
    "pid": 5112,
    "index": 58
  },
  {
    "name": "Load Service",
    "start": 1588597370373,
    "end": 1588597370383,
    "duration": 10,
    "pid": 5112,
    "index": 59
  },
  {
    "name": "Load \"service\" to Context",
    "start": 1588597370374,
    "end": 1588597370383,
    "duration": 9,
    "pid": 5112,
    "index": 60
  },
  {
    "name": "Load Middleware",
    "start": 1588597370383,
    "end": 1588597370581,
    "duration": 198,
    "pid": 5112,
    "index": 61
  },
  {
    "name": "Load \"middlewares\" to Application",
    "start": 1588597370383,
    "end": 1588597370563,
    "duration": 180,
    "pid": 5112,
    "index": 62
  },
  {
    "name": "Load Controller",
    "start": 1588597370581,
    "end": 1588597370592,
    "duration": 11,
    "pid": 5112,
    "index": 63
  },
  {
    "name": "Load \"controller\" to Application",
    "start": 1588597370581,
    "end": 1588597370592,
    "duration": 11,
    "pid": 5112,
    "index": 64
  },
  {
    "name": "Load Router",
    "start": 1588597370592,
    "end": 1588597370603,
    "duration": 11,
    "pid": 5112,
    "index": 65
  },
  {
    "name": "Require(48) app/router.js",
    "start": 1588597370593,
    "end": 1588597370594,
    "duration": 1,
    "pid": 5112,
    "index": 66
  },
  {
    "name": "Before Start in node_modules/egg-core/lib/egg.js:303:10",
    "start": 1588597370597,
    "end": 1588597370637,
    "duration": 40,
    "pid": 5112,
    "index": 67
  }
]