[
  {
    "name": "Application Start",
    "start": 1588597347373,
    "end": 1588597348375,
    "duration": 1002,
    "pid": 7408,
    "index": 0
  },
  {
    "name": "Load Plugin",
    "start": 1588597347382,
    "end": 1588597347444,
    "duration": 62,
    "pid": 7408,
    "index": 1
  },
  {
    "name": "Load Config",
    "start": 1588597347444,
    "end": 1588597347505,
    "duration": 61,
    "pid": 7408,
    "index": 2
  },
  {
    "name": "Require(0) config/config.default.js",
    "start": 1588597347446,
    "end": 1588597347447,
    "duration": 1,
    "pid": 7408,
    "index": 3
  },
  {
    "name": "Require(1) node_modules/egg-session/config/config.default.js",
    "start": 1588597347450,
    "end": 1588597347451,
    "duration": 1,
    "pid": 7408,
    "index": 4
  },
  {
    "name": "Require(2) node_modules/egg-security/config/config.default.js",
    "start": 1588597347452,
    "end": 1588597347453,
    "duration": 1,
    "pid": 7408,
    "index": 5
  },
  {
    "name": "Require(3) node_modules/egg-jsonp/config/config.default.js",
    "start": 1588597347455,
    "end": 1588597347456,
    "duration": 1,
    "pid": 7408,
    "index": 6
  },
  {
    "name": "Require(4) node_modules/egg-onerror/config/config.default.js",
    "start": 1588597347457,
    "end": 1588597347458,
    "duration": 1,
    "pid": 7408,
    "index": 7
  },
  {
    "name": "Require(5) node_modules/egg-i18n/config/config.default.js",
    "start": 1588597347459,
    "end": 1588597347460,
    "duration": 1,
    "pid": 7408,
    "index": 8
  },
  {
    "name": "Require(6) node_modules/egg-watcher/config/config.default.js",
    "start": 1588597347461,
    "end": 1588597347462,
    "duration": 1,
    "pid": 7408,
    "index": 9
  },
  {
    "name": "Require(7) node_modules/egg-schedule/config/config.default.js",
    "start": 1588597347463,
    "end": 1588597347464,
    "duration": 1,
    "pid": 7408,
    "index": 10
  },
  {
    "name": "Require(8) node_modules/egg-multipart/config/config.default.js",
    "start": 1588597347466,
    "end": 1588597347467,
    "duration": 1,
    "pid": 7408,
    "index": 11
  },
  {
    "name": "Require(9) node_modules/egg-development/config/config.default.js",
    "start": 1588597347468,
    "end": 1588597347469,
    "duration": 1,
    "pid": 7408,
    "index": 12
  },
  {
    "name": "Require(10) node_modules/egg-logrotator/config/config.default.js",
    "start": 1588597347470,
    "end": 1588597347472,
    "duration": 2,
    "pid": 7408,
    "index": 13
  },
  {
    "name": "Require(11) node_modules/egg-static/config/config.default.js",
    "start": 1588597347473,
    "end": 1588597347475,
    "duration": 2,
    "pid": 7408,
    "index": 14
  },
  {
    "name": "Require(12) node_modules/egg-view/config/config.default.js",
    "start": 1588597347476,
    "end": 1588597347478,
    "duration": 2,
    "pid": 7408,
    "index": 15
  },
  {
    "name": "Require(13) node_modules/egg-mysql/config/config.default.js",
    "start": 1588597347480,
    "end": 1588597347481,
    "duration": 1,
    "pid": 7408,
    "index": 16
  },
  {
    "name": "Require(14) node_modules/egg-cors/config/config.default.js",
    "start": 1588597347483,
    "end": 1588597347484,
    "duration": 1,
    "pid": 7408,
    "index": 17
  },
  {
    "name": "Require(15) node_modules/egg/config/config.default.js",
    "start": 1588597347485,
    "end": 1588597347486,
    "duration": 1,
    "pid": 7408,
    "index": 18
  },
  {
    "name": "Require(16) config/config.default.js",
    "start": 1588597347491,
    "end": 1588597347491,
    "duration": 0,
    "pid": 7408,
    "index": 19
  },
  {
    "name": "Require(17) node_modules/egg-security/config/config.local.js",
    "start": 1588597347493,
    "end": 1588597347493,
    "duration": 0,
    "pid": 7408,
    "index": 20
  },
  {
    "name": "Require(18) node_modules/egg-watcher/config/config.local.js",
    "start": 1588597347496,
    "end": 1588597347497,
    "duration": 1,
    "pid": 7408,
    "index": 21
  },
  {
    "name": "Require(19) node_modules/egg-view/config/config.local.js",
    "start": 1588597347501,
    "end": 1588597347502,
    "duration": 1,
    "pid": 7408,
    "index": 22
  },
  {
    "name": "Require(20) node_modules/egg/config/config.local.js",
    "start": 1588597347504,
    "end": 1588597347505,
    "duration": 1,
    "pid": 7408,
    "index": 23
  },
  {
    "name": "Load extend/application.js",
    "start": 1588597347506,
    "end": 1588597347548,
    "duration": 42,
    "pid": 7408,
    "index": 24
  },
  {
    "name": "Require(21) node_modules/egg-session/app/extend/application.js",
    "start": 1588597347507,
    "end": 1588597347508,
    "duration": 1,
    "pid": 7408,
    "index": 25
  },
  {
    "name": "Require(22) node_modules/egg-security/app/extend/application.js",
    "start": 1588597347510,
    "end": 1588597347514,
    "duration": 4,
    "pid": 7408,
    "index": 26
  },
  {
    "name": "Require(23) node_modules/egg-jsonp/app/extend/application.js",
    "start": 1588597347516,
    "end": 1588597347520,
    "duration": 4,
    "pid": 7408,
    "index": 27
  },
  {
    "name": "Require(24) node_modules/egg-logrotator/app/extend/application.js",
    "start": 1588597347525,
    "end": 1588597347528,
    "duration": 3,
    "pid": 7408,
    "index": 28
  },
  {
    "name": "Require(25) node_modules/egg-view/app/extend/application.js",
    "start": 1588597347531,
    "end": 1588597347535,
    "duration": 4,
    "pid": 7408,
    "index": 29
  },
  {
    "name": "Load extend/request.js",
    "start": 1588597347548,
    "end": 1588597347570,
    "duration": 22,
    "pid": 7408,
    "index": 30
  },
  {
    "name": "Require(26) node_modules/egg/app/extend/request.js",
    "start": 1588597347558,
    "end": 1588597347560,
    "duration": 2,
    "pid": 7408,
    "index": 31
  },
  {
    "name": "Load extend/response.js",
    "start": 1588597347570,
    "end": 1588597347591,
    "duration": 21,
    "pid": 7408,
    "index": 32
  },
  {
    "name": "Require(27) node_modules/egg/app/extend/response.js",
    "start": 1588597347579,
    "end": 1588597347583,
    "duration": 4,
    "pid": 7408,
    "index": 33
  },
  {
    "name": "Load extend/context.js",
    "start": 1588597347592,
    "end": 1588597347710,
    "duration": 118,
    "pid": 7408,
    "index": 34
  },
  {
    "name": "Require(28) node_modules/egg-security/app/extend/context.js",
    "start": 1588597347593,
    "end": 1588597347616,
    "duration": 23,
    "pid": 7408,
    "index": 35
  },
  {
    "name": "Require(29) node_modules/egg-jsonp/app/extend/context.js",
    "start": 1588597347617,
    "end": 1588597347620,
    "duration": 3,
    "pid": 7408,
    "index": 36
  },
  {
    "name": "Require(30) node_modules/egg-i18n/app/extend/context.js",
    "start": 1588597347621,
    "end": 1588597347622,
    "duration": 1,
    "pid": 7408,
    "index": 37
  },
  {
    "name": "Require(31) node_modules/egg-multipart/app/extend/context.js",
    "start": 1588597347625,
    "end": 1588597347693,
    "duration": 68,
    "pid": 7408,
    "index": 38
  },
  {
    "name": "Require(32) node_modules/egg-view/app/extend/context.js",
    "start": 1588597347696,
    "end": 1588597347698,
    "duration": 2,
    "pid": 7408,
    "index": 39
  },
  {
    "name": "Require(33) node_modules/egg/app/extend/context.js",
    "start": 1588597347699,
    "end": 1588597347701,
    "duration": 2,
    "pid": 7408,
    "index": 40
  },
  {
    "name": "Load extend/helper.js",
    "start": 1588597347710,
    "end": 1588597347766,
    "duration": 56,
    "pid": 7408,
    "index": 41
  },
  {
    "name": "Require(34) node_modules/egg-security/app/extend/helper.js",
    "start": 1588597347712,
    "end": 1588597347749,
    "duration": 37,
    "pid": 7408,
    "index": 42
  },
  {
    "name": "Require(35) node_modules/egg/app/extend/helper.js",
    "start": 1588597347756,
    "end": 1588597347757,
    "duration": 1,
    "pid": 7408,
    "index": 43
  },
  {
    "name": "Load app.js",
    "start": 1588597347766,
    "end": 1588597347906,
    "duration": 140,
    "pid": 7408,
    "index": 44
  },
  {
    "name": "Require(36) node_modules/egg-session/app.js",
    "start": 1588597347767,
    "end": 1588597347768,
    "duration": 1,
    "pid": 7408,
    "index": 45
  },
  {
    "name": "Require(37) node_modules/egg-security/app.js",
    "start": 1588597347768,
    "end": 1588597347772,
    "duration": 4,
    "pid": 7408,
    "index": 46
  },
  {
    "name": "Require(38) node_modules/egg-onerror/app.js",
    "start": 1588597347774,
    "end": 1588597347794,
    "duration": 20,
    "pid": 7408,
    "index": 47
  },
  {
    "name": "Require(39) node_modules/egg-i18n/app.js",
    "start": 1588597347795,
    "end": 1588597347828,
    "duration": 33,
    "pid": 7408,
    "index": 48
  },
  {
    "name": "Require(40) node_modules/egg-watcher/app.js",
    "start": 1588597347830,
    "end": 1588597347840,
    "duration": 10,
    "pid": 7408,
    "index": 49
  },
  {
    "name": "Require(41) node_modules/egg-schedule/app.js",
    "start": 1588597347840,
    "end": 1588597347843,
    "duration": 3,
    "pid": 7408,
    "index": 50
  },
  {
    "name": "Require(42) node_modules/egg-multipart/app.js",
    "start": 1588597347844,
    "end": 1588597347850,
    "duration": 6,
    "pid": 7408,
    "index": 51
  },
  {
    "name": "Require(43) node_modules/egg-development/app.js",
    "start": 1588597347851,
    "end": 1588597347852,
    "duration": 1,
    "pid": 7408,
    "index": 52
  },
  {
    "name": "Require(44) node_modules/egg-logrotator/app.js",
    "start": 1588597347855,
    "end": 1588597347856,
    "duration": 1,
    "pid": 7408,
    "index": 53
  },
  {
    "name": "Require(45) node_modules/egg-static/app.js",
    "start": 1588597347857,
    "end": 1588597347858,
    "duration": 1,
    "pid": 7408,
    "index": 54
  },
  {
    "name": "Require(46) node_modules/egg-mysql/app.js",
    "start": 1588597347860,
    "end": 1588597347902,
    "duration": 42,
    "pid": 7408,
    "index": 55
  },
  {
    "name": "Require(47) node_modules/egg-cors/app.js",
    "start": 1588597347903,
    "end": 1588597347904,
    "duration": 1,
    "pid": 7408,
    "index": 56
  },
  {
    "name": "Before Start in node_modules/egg-watcher/lib/init.js:15:14",
    "start": 1588597347924,
    "end": 1588597348367,
    "duration": 443,
    "pid": 7408,
    "index": 57
  },
  {
    "name": "Before Start in node_modules/egg-mysql/lib/mysql.js:20:7",
    "start": 1588597348107,
    "end": 1588597348375,
    "duration": 268,
    "pid": 7408,
    "index": 58
  },
  {
    "name": "Load Service",
    "start": 1588597348107,
    "end": 1588597348117,
    "duration": 10,
    "pid": 7408,
    "index": 59
  },
  {
    "name": "Load \"service\" to Context",
    "start": 1588597348108,
    "end": 1588597348117,
    "duration": 9,
    "pid": 7408,
    "index": 60
  },
  {
    "name": "Load Middleware",
    "start": 1588597348117,
    "end": 1588597348310,
    "duration": 193,
    "pid": 7408,
    "index": 61
  },
  {
    "name": "Load \"middlewares\" to Application",
    "start": 1588597348117,
    "end": 1588597348292,
    "duration": 175,
    "pid": 7408,
    "index": 62
  },
  {
    "name": "Load Controller",
    "start": 1588597348310,
    "end": 1588597348321,
    "duration": 11,
    "pid": 7408,
    "index": 63
  },
  {
    "name": "Load \"controller\" to Application",
    "start": 1588597348310,
    "end": 1588597348321,
    "duration": 11,
    "pid": 7408,
    "index": 64
  },
  {
    "name": "Load Router",
    "start": 1588597348321,
    "end": 1588597348329,
    "duration": 8,
    "pid": 7408,
    "index": 65
  },
  {
    "name": "Require(48) app/router.js",
    "start": 1588597348322,
    "end": 1588597348323,
    "duration": 1,
    "pid": 7408,
    "index": 66
  },
  {
    "name": "Before Start in node_modules/egg-core/lib/egg.js:303:10",
    "start": 1588597348325,
    "end": 1588597348350,
    "duration": 25,
    "pid": 7408,
    "index": 67
  }
]