[
  {
    "name": "Application Start",
    "start": 1588600289416,
    "end": 1588600290546,
    "duration": 1130,
    "pid": 8148,
    "index": 0
  },
  {
    "name": "Load Plugin",
    "start": 1588600289427,
    "end": 1588600289507,
    "duration": 80,
    "pid": 8148,
    "index": 1
  },
  {
    "name": "Load Config",
    "start": 1588600289507,
    "end": 1588600289583,
    "duration": 76,
    "pid": 8148,
    "index": 2
  },
  {
    "name": "Require(0) config/config.default.js",
    "start": 1588600289508,
    "end": 1588600289509,
    "duration": 1,
    "pid": 8148,
    "index": 3
  },
  {
    "name": "Require(1) node_modules/egg-session/config/config.default.js",
    "start": 1588600289512,
    "end": 1588600289513,
    "duration": 1,
    "pid": 8148,
    "index": 4
  },
  {
    "name": "Require(2) node_modules/egg-security/config/config.default.js",
    "start": 1588600289514,
    "end": 1588600289515,
    "duration": 1,
    "pid": 8148,
    "index": 5
  },
  {
    "name": "Require(3) node_modules/egg-jsonp/config/config.default.js",
    "start": 1588600289518,
    "end": 1588600289520,
    "duration": 2,
    "pid": 8148,
    "index": 6
  },
  {
    "name": "Require(4) node_modules/egg-onerror/config/config.default.js",
    "start": 1588600289521,
    "end": 1588600289523,
    "duration": 2,
    "pid": 8148,
    "index": 7
  },
  {
    "name": "Require(5) node_modules/egg-i18n/config/config.default.js",
    "start": 1588600289524,
    "end": 1588600289526,
    "duration": 2,
    "pid": 8148,
    "index": 8
  },
  {
    "name": "Require(6) node_modules/egg-watcher/config/config.default.js",
    "start": 1588600289528,
    "end": 1588600289529,
    "duration": 1,
    "pid": 8148,
    "index": 9
  },
  {
    "name": "Require(7) node_modules/egg-schedule/config/config.default.js",
    "start": 1588600289531,
    "end": 1588600289532,
    "duration": 1,
    "pid": 8148,
    "index": 10
  },
  {
    "name": "Require(8) node_modules/egg-multipart/config/config.default.js",
    "start": 1588600289534,
    "end": 1588600289536,
    "duration": 2,
    "pid": 8148,
    "index": 11
  },
  {
    "name": "Require(9) node_modules/egg-development/config/config.default.js",
    "start": 1588600289538,
    "end": 1588600289539,
    "duration": 1,
    "pid": 8148,
    "index": 12
  },
  {
    "name": "Require(10) node_modules/egg-logrotator/config/config.default.js",
    "start": 1588600289541,
    "end": 1588600289542,
    "duration": 1,
    "pid": 8148,
    "index": 13
  },
  {
    "name": "Require(11) node_modules/egg-static/config/config.default.js",
    "start": 1588600289544,
    "end": 1588600289546,
    "duration": 2,
    "pid": 8148,
    "index": 14
  },
  {
    "name": "Require(12) node_modules/egg-view/config/config.default.js",
    "start": 1588600289547,
    "end": 1588600289549,
    "duration": 2,
    "pid": 8148,
    "index": 15
  },
  {
    "name": "Require(13) node_modules/egg-mysql/config/config.default.js",
    "start": 1588600289551,
    "end": 1588600289552,
    "duration": 1,
    "pid": 8148,
    "index": 16
  },
  {
    "name": "Require(14) node_modules/egg-cors/config/config.default.js",
    "start": 1588600289554,
    "end": 1588600289556,
    "duration": 2,
    "pid": 8148,
    "index": 17
  },
  {
    "name": "Require(15) node_modules/egg/config/config.default.js",
    "start": 1588600289557,
    "end": 1588600289559,
    "duration": 2,
    "pid": 8148,
    "index": 18
  },
  {
    "name": "Require(16) config/config.default.js",
    "start": 1588600289561,
    "end": 1588600289561,
    "duration": 0,
    "pid": 8148,
    "index": 19
  },
  {
    "name": "Require(17) node_modules/egg-security/config/config.local.js",
    "start": 1588600289563,
    "end": 1588600289568,
    "duration": 5,
    "pid": 8148,
    "index": 20
  },
  {
    "name": "Require(18) node_modules/egg-watcher/config/config.local.js",
    "start": 1588600289572,
    "end": 1588600289572,
    "duration": 0,
    "pid": 8148,
    "index": 21
  },
  {
    "name": "Require(19) node_modules/egg-view/config/config.local.js",
    "start": 1588600289578,
    "end": 1588600289579,
    "duration": 1,
    "pid": 8148,
    "index": 22
  },
  {
    "name": "Require(20) node_modules/egg/config/config.local.js",
    "start": 1588600289582,
    "end": 1588600289583,
    "duration": 1,
    "pid": 8148,
    "index": 23
  },
  {
    "name": "Load extend/application.js",
    "start": 1588600289584,
    "end": 1588600289636,
    "duration": 52,
    "pid": 8148,
    "index": 24
  },
  {
    "name": "Require(21) node_modules/egg-session/app/extend/application.js",
    "start": 1588600289586,
    "end": 1588600289588,
    "duration": 2,
    "pid": 8148,
    "index": 25
  },
  {
    "name": "Require(22) node_modules/egg-security/app/extend/application.js",
    "start": 1588600289589,
    "end": 1588600289594,
    "duration": 5,
    "pid": 8148,
    "index": 26
  },
  {
    "name": "Require(23) node_modules/egg-jsonp/app/extend/application.js",
    "start": 1588600289596,
    "end": 1588600289601,
    "duration": 5,
    "pid": 8148,
    "index": 27
  },
  {
    "name": "Require(24) node_modules/egg-logrotator/app/extend/application.js",
    "start": 1588600289608,
    "end": 1588600289613,
    "duration": 5,
    "pid": 8148,
    "index": 28
  },
  {
    "name": "Require(25) node_modules/egg-view/app/extend/application.js",
    "start": 1588600289615,
    "end": 1588600289620,
    "duration": 5,
    "pid": 8148,
    "index": 29
  },
  {
    "name": "Load extend/request.js",
    "start": 1588600289636,
    "end": 1588600289658,
    "duration": 22,
    "pid": 8148,
    "index": 30
  },
  {
    "name": "Require(26) node_modules/egg/app/extend/request.js",
    "start": 1588600289646,
    "end": 1588600289648,
    "duration": 2,
    "pid": 8148,
    "index": 31
  },
  {
    "name": "Load extend/response.js",
    "start": 1588600289658,
    "end": 1588600289686,
    "duration": 28,
    "pid": 8148,
    "index": 32
  },
  {
    "name": "Require(27) node_modules/egg/app/extend/response.js",
    "start": 1588600289668,
    "end": 1588600289672,
    "duration": 4,
    "pid": 8148,
    "index": 33
  },
  {
    "name": "Load extend/context.js",
    "start": 1588600289686,
    "end": 1588600289882,
    "duration": 196,
    "pid": 8148,
    "index": 34
  },
  {
    "name": "Require(28) node_modules/egg-security/app/extend/context.js",
    "start": 1588600289688,
    "end": 1588600289719,
    "duration": 31,
    "pid": 8148,
    "index": 35
  },
  {
    "name": "Require(29) node_modules/egg-jsonp/app/extend/context.js",
    "start": 1588600289720,
    "end": 1588600289723,
    "duration": 3,
    "pid": 8148,
    "index": 36
  },
  {
    "name": "Require(30) node_modules/egg-i18n/app/extend/context.js",
    "start": 1588600289725,
    "end": 1588600289726,
    "duration": 1,
    "pid": 8148,
    "index": 37
  },
  {
    "name": "Require(31) node_modules/egg-multipart/app/extend/context.js",
    "start": 1588600289728,
    "end": 1588600289850,
    "duration": 122,
    "pid": 8148,
    "index": 38
  },
  {
    "name": "Require(32) node_modules/egg-view/app/extend/context.js",
    "start": 1588600289853,
    "end": 1588600289855,
    "duration": 2,
    "pid": 8148,
    "index": 39
  },
  {
    "name": "Require(33) node_modules/egg/app/extend/context.js",
    "start": 1588600289858,
    "end": 1588600289860,
    "duration": 2,
    "pid": 8148,
    "index": 40
  },
  {
    "name": "Load extend/helper.js",
    "start": 1588600289882,
    "end": 1588600289947,
    "duration": 65,
    "pid": 8148,
    "index": 41
  },
  {
    "name": "Require(34) node_modules/egg-security/app/extend/helper.js",
    "start": 1588600289884,
    "end": 1588600289929,
    "duration": 45,
    "pid": 8148,
    "index": 42
  },
  {
    "name": "Require(35) node_modules/egg/app/extend/helper.js",
    "start": 1588600289937,
    "end": 1588600289937,
    "duration": 0,
    "pid": 8148,
    "index": 43
  },
  {
    "name": "Load app.js",
    "start": 1588600289947,
    "end": 1588600290106,
    "duration": 159,
    "pid": 8148,
    "index": 44
  },
  {
    "name": "Require(36) node_modules/egg-session/app.js",
    "start": 1588600289948,
    "end": 1588600289948,
    "duration": 0,
    "pid": 8148,
    "index": 45
  },
  {
    "name": "Require(37) node_modules/egg-security/app.js",
    "start": 1588600289949,
    "end": 1588600289953,
    "duration": 4,
    "pid": 8148,
    "index": 46
  },
  {
    "name": "Require(38) node_modules/egg-onerror/app.js",
    "start": 1588600289955,
    "end": 1588600289984,
    "duration": 29,
    "pid": 8148,
    "index": 47
  },
  {
    "name": "Require(39) node_modules/egg-i18n/app.js",
    "start": 1588600289984,
    "end": 1588600290029,
    "duration": 45,
    "pid": 8148,
    "index": 48
  },
  {
    "name": "Require(40) node_modules/egg-watcher/app.js",
    "start": 1588600290030,
    "end": 1588600290040,
    "duration": 10,
    "pid": 8148,
    "index": 49
  },
  {
    "name": "Require(41) node_modules/egg-schedule/app.js",
    "start": 1588600290041,
    "end": 1588600290044,
    "duration": 3,
    "pid": 8148,
    "index": 50
  },
  {
    "name": "Require(42) node_modules/egg-multipart/app.js",
    "start": 1588600290045,
    "end": 1588600290052,
    "duration": 7,
    "pid": 8148,
    "index": 51
  },
  {
    "name": "Require(43) node_modules/egg-development/app.js",
    "start": 1588600290053,
    "end": 1588600290054,
    "duration": 1,
    "pid": 8148,
    "index": 52
  },
  {
    "name": "Require(44) node_modules/egg-logrotator/app.js",
    "start": 1588600290058,
    "end": 1588600290059,
    "duration": 1,
    "pid": 8148,
    "index": 53
  },
  {
    "name": "Require(45) node_modules/egg-static/app.js",
    "start": 1588600290059,
    "end": 1588600290060,
    "duration": 1,
    "pid": 8148,
    "index": 54
  },
  {
    "name": "Require(46) node_modules/egg-mysql/app.js",
    "start": 1588600290062,
    "end": 1588600290102,
    "duration": 40,
    "pid": 8148,
    "index": 55
  },
  {
    "name": "Require(47) node_modules/egg-cors/app.js",
    "start": 1588600290103,
    "end": 1588600290104,
    "duration": 1,
    "pid": 8148,
    "index": 56
  },
  {
    "name": "Before Start in node_modules/egg-watcher/lib/init.js:15:14",
    "start": 1588600290125,
    "end": 1588600290538,
    "duration": 413,
    "pid": 8148,
    "index": 57
  },
  {
    "name": "Before Start in node_modules/egg-mysql/lib/mysql.js:20:7",
    "start": 1588600290295,
    "end": 1588600290545,
    "duration": 250,
    "pid": 8148,
    "index": 58
  },
  {
    "name": "Load Service",
    "start": 1588600290295,
    "end": 1588600290306,
    "duration": 11,
    "pid": 8148,
    "index": 59
  },
  {
    "name": "Load \"service\" to Context",
    "start": 1588600290296,
    "end": 1588600290306,
    "duration": 10,
    "pid": 8148,
    "index": 60
  },
  {
    "name": "Load Middleware",
    "start": 1588600290306,
    "end": 1588600290482,
    "duration": 176,
    "pid": 8148,
    "index": 61
  },
  {
    "name": "Load \"middlewares\" to Application",
    "start": 1588600290306,
    "end": 1588600290465,
    "duration": 159,
    "pid": 8148,
    "index": 62
  },
  {
    "name": "Load Controller",
    "start": 1588600290483,
    "end": 1588600290495,
    "duration": 12,
    "pid": 8148,
    "index": 63
  },
  {
    "name": "Load \"controller\" to Application",
    "start": 1588600290483,
    "end": 1588600290495,
    "duration": 12,
    "pid": 8148,
    "index": 64
  },
  {
    "name": "Load Router",
    "start": 1588600290495,
    "end": 1588600290502,
    "duration": 7,
    "pid": 8148,
    "index": 65
  },
  {
    "name": "Require(48) app/router.js",
    "start": 1588600290496,
    "end": 1588600290496,
    "duration": 0,
    "pid": 8148,
    "index": 66
  },
  {
    "name": "Before Start in node_modules/egg-core/lib/egg.js:303:10",
    "start": 1588600290498,
    "end": 1588600290523,
    "duration": 25,
    "pid": 8148,
    "index": 67
  }
]