[
  {
    "name": "Application Start",
    "start": 1588597153096,
    "end": 1588597154067,
    "duration": 971,
    "pid": 16204,
    "index": 0
  },
  {
    "name": "Load Plugin",
    "start": 1588597153105,
    "end": 1588597153164,
    "duration": 59,
    "pid": 16204,
    "index": 1
  },
  {
    "name": "Load Config",
    "start": 1588597153164,
    "end": 1588597153216,
    "duration": 52,
    "pid": 16204,
    "index": 2
  },
  {
    "name": "Require(0) config/config.default.js",
    "start": 1588597153165,
    "end": 1588597153166,
    "duration": 1,
    "pid": 16204,
    "index": 3
  },
  {
    "name": "Require(1) node_modules/egg-session/config/config.default.js",
    "start": 1588597153169,
    "end": 1588597153170,
    "duration": 1,
    "pid": 16204,
    "index": 4
  },
  {
    "name": "Require(2) node_modules/egg-security/config/config.default.js",
    "start": 1588597153171,
    "end": 1588597153172,
    "duration": 1,
    "pid": 16204,
    "index": 5
  },
  {
    "name": "Require(3) node_modules/egg-jsonp/config/config.default.js",
    "start": 1588597153174,
    "end": 1588597153175,
    "duration": 1,
    "pid": 16204,
    "index": 6
  },
  {
    "name": "Require(4) node_modules/egg-onerror/config/config.default.js",
    "start": 1588597153176,
    "end": 1588597153177,
    "duration": 1,
    "pid": 16204,
    "index": 7
  },
  {
    "name": "Require(5) node_modules/egg-i18n/config/config.default.js",
    "start": 1588597153178,
    "end": 1588597153179,
    "duration": 1,
    "pid": 16204,
    "index": 8
  },
  {
    "name": "Require(6) node_modules/egg-watcher/config/config.default.js",
    "start": 1588597153180,
    "end": 1588597153181,
    "duration": 1,
    "pid": 16204,
    "index": 9
  },
  {
    "name": "Require(7) node_modules/egg-schedule/config/config.default.js",
    "start": 1588597153182,
    "end": 1588597153183,
    "duration": 1,
    "pid": 16204,
    "index": 10
  },
  {
    "name": "Require(8) node_modules/egg-multipart/config/config.default.js",
    "start": 1588597153184,
    "end": 1588597153185,
    "duration": 1,
    "pid": 16204,
    "index": 11
  },
  {
    "name": "Require(9) node_modules/egg-development/config/config.default.js",
    "start": 1588597153186,
    "end": 1588597153187,
    "duration": 1,
    "pid": 16204,
    "index": 12
  },
  {
    "name": "Require(10) node_modules/egg-logrotator/config/config.default.js",
    "start": 1588597153188,
    "end": 1588597153190,
    "duration": 2,
    "pid": 16204,
    "index": 13
  },
  {
    "name": "Require(11) node_modules/egg-static/config/config.default.js",
    "start": 1588597153193,
    "end": 1588597153194,
    "duration": 1,
    "pid": 16204,
    "index": 14
  },
  {
    "name": "Require(12) node_modules/egg-view/config/config.default.js",
    "start": 1588597153195,
    "end": 1588597153196,
    "duration": 1,
    "pid": 16204,
    "index": 15
  },
  {
    "name": "Require(13) node_modules/egg-mysql/config/config.default.js",
    "start": 1588597153197,
    "end": 1588597153199,
    "duration": 2,
    "pid": 16204,
    "index": 16
  },
  {
    "name": "Require(14) node_modules/egg-cors/config/config.default.js",
    "start": 1588597153200,
    "end": 1588597153201,
    "duration": 1,
    "pid": 16204,
    "index": 17
  },
  {
    "name": "Require(15) node_modules/egg/config/config.default.js",
    "start": 1588597153201,
    "end": 1588597153202,
    "duration": 1,
    "pid": 16204,
    "index": 18
  },
  {
    "name": "Require(16) config/config.default.js",
    "start": 1588597153204,
    "end": 1588597153204,
    "duration": 0,
    "pid": 16204,
    "index": 19
  },
  {
    "name": "Require(17) node_modules/egg-security/config/config.local.js",
    "start": 1588597153205,
    "end": 1588597153206,
    "duration": 1,
    "pid": 16204,
    "index": 20
  },
  {
    "name": "Require(18) node_modules/egg-watcher/config/config.local.js",
    "start": 1588597153208,
    "end": 1588597153209,
    "duration": 1,
    "pid": 16204,
    "index": 21
  },
  {
    "name": "Require(19) node_modules/egg-view/config/config.local.js",
    "start": 1588597153212,
    "end": 1588597153213,
    "duration": 1,
    "pid": 16204,
    "index": 22
  },
  {
    "name": "Require(20) node_modules/egg/config/config.local.js",
    "start": 1588597153215,
    "end": 1588597153215,
    "duration": 0,
    "pid": 16204,
    "index": 23
  },
  {
    "name": "Load extend/application.js",
    "start": 1588597153217,
    "end": 1588597153251,
    "duration": 34,
    "pid": 16204,
    "index": 24
  },
  {
    "name": "Require(21) node_modules/egg-session/app/extend/application.js",
    "start": 1588597153218,
    "end": 1588597153219,
    "duration": 1,
    "pid": 16204,
    "index": 25
  },
  {
    "name": "Require(22) node_modules/egg-security/app/extend/application.js",
    "start": 1588597153220,
    "end": 1588597153223,
    "duration": 3,
    "pid": 16204,
    "index": 26
  },
  {
    "name": "Require(23) node_modules/egg-jsonp/app/extend/application.js",
    "start": 1588597153224,
    "end": 1588597153228,
    "duration": 4,
    "pid": 16204,
    "index": 27
  },
  {
    "name": "Require(24) node_modules/egg-logrotator/app/extend/application.js",
    "start": 1588597153232,
    "end": 1588597153236,
    "duration": 4,
    "pid": 16204,
    "index": 28
  },
  {
    "name": "Require(25) node_modules/egg-view/app/extend/application.js",
    "start": 1588597153238,
    "end": 1588597153241,
    "duration": 3,
    "pid": 16204,
    "index": 29
  },
  {
    "name": "Load extend/request.js",
    "start": 1588597153251,
    "end": 1588597153271,
    "duration": 20,
    "pid": 16204,
    "index": 30
  },
  {
    "name": "Require(26) node_modules/egg/app/extend/request.js",
    "start": 1588597153261,
    "end": 1588597153262,
    "duration": 1,
    "pid": 16204,
    "index": 31
  },
  {
    "name": "Load extend/response.js",
    "start": 1588597153271,
    "end": 1588597153295,
    "duration": 24,
    "pid": 16204,
    "index": 32
  },
  {
    "name": "Require(27) node_modules/egg/app/extend/response.js",
    "start": 1588597153281,
    "end": 1588597153285,
    "duration": 4,
    "pid": 16204,
    "index": 33
  },
  {
    "name": "Load extend/context.js",
    "start": 1588597153295,
    "end": 1588597153414,
    "duration": 119,
    "pid": 16204,
    "index": 34
  },
  {
    "name": "Require(28) node_modules/egg-security/app/extend/context.js",
    "start": 1588597153297,
    "end": 1588597153321,
    "duration": 24,
    "pid": 16204,
    "index": 35
  },
  {
    "name": "Require(29) node_modules/egg-jsonp/app/extend/context.js",
    "start": 1588597153321,
    "end": 1588597153324,
    "duration": 3,
    "pid": 16204,
    "index": 36
  },
  {
    "name": "Require(30) node_modules/egg-i18n/app/extend/context.js",
    "start": 1588597153326,
    "end": 1588597153327,
    "duration": 1,
    "pid": 16204,
    "index": 37
  },
  {
    "name": "Require(31) node_modules/egg-multipart/app/extend/context.js",
    "start": 1588597153329,
    "end": 1588597153398,
    "duration": 69,
    "pid": 16204,
    "index": 38
  },
  {
    "name": "Require(32) node_modules/egg-view/app/extend/context.js",
    "start": 1588597153401,
    "end": 1588597153403,
    "duration": 2,
    "pid": 16204,
    "index": 39
  },
  {
    "name": "Require(33) node_modules/egg/app/extend/context.js",
    "start": 1588597153404,
    "end": 1588597153405,
    "duration": 1,
    "pid": 16204,
    "index": 40
  },
  {
    "name": "Load extend/helper.js",
    "start": 1588597153414,
    "end": 1588597153472,
    "duration": 58,
    "pid": 16204,
    "index": 41
  },
  {
    "name": "Require(34) node_modules/egg-security/app/extend/helper.js",
    "start": 1588597153417,
    "end": 1588597153455,
    "duration": 38,
    "pid": 16204,
    "index": 42
  },
  {
    "name": "Require(35) node_modules/egg/app/extend/helper.js",
    "start": 1588597153462,
    "end": 1588597153462,
    "duration": 0,
    "pid": 16204,
    "index": 43
  },
  {
    "name": "Load app.js",
    "start": 1588597153472,
    "end": 1588597153603,
    "duration": 131,
    "pid": 16204,
    "index": 44
  },
  {
    "name": "Require(36) node_modules/egg-session/app.js",
    "start": 1588597153473,
    "end": 1588597153473,
    "duration": 0,
    "pid": 16204,
    "index": 45
  },
  {
    "name": "Require(37) node_modules/egg-security/app.js",
    "start": 1588597153474,
    "end": 1588597153477,
    "duration": 3,
    "pid": 16204,
    "index": 46
  },
  {
    "name": "Require(38) node_modules/egg-onerror/app.js",
    "start": 1588597153479,
    "end": 1588597153498,
    "duration": 19,
    "pid": 16204,
    "index": 47
  },
  {
    "name": "Require(39) node_modules/egg-i18n/app.js",
    "start": 1588597153499,
    "end": 1588597153532,
    "duration": 33,
    "pid": 16204,
    "index": 48
  },
  {
    "name": "Require(40) node_modules/egg-watcher/app.js",
    "start": 1588597153533,
    "end": 1588597153543,
    "duration": 10,
    "pid": 16204,
    "index": 49
  },
  {
    "name": "Require(41) node_modules/egg-schedule/app.js",
    "start": 1588597153544,
    "end": 1588597153547,
    "duration": 3,
    "pid": 16204,
    "index": 50
  },
  {
    "name": "Require(42) node_modules/egg-multipart/app.js",
    "start": 1588597153548,
    "end": 1588597153554,
    "duration": 6,
    "pid": 16204,
    "index": 51
  },
  {
    "name": "Require(43) node_modules/egg-development/app.js",
    "start": 1588597153555,
    "end": 1588597153555,
    "duration": 0,
    "pid": 16204,
    "index": 52
  },
  {
    "name": "Require(44) node_modules/egg-logrotator/app.js",
    "start": 1588597153556,
    "end": 1588597153557,
    "duration": 1,
    "pid": 16204,
    "index": 53
  },
  {
    "name": "Require(45) node_modules/egg-static/app.js",
    "start": 1588597153557,
    "end": 1588597153558,
    "duration": 1,
    "pid": 16204,
    "index": 54
  },
  {
    "name": "Require(46) node_modules/egg-mysql/app.js",
    "start": 1588597153560,
    "end": 1588597153599,
    "duration": 39,
    "pid": 16204,
    "index": 55
  },
  {
    "name": "Require(47) node_modules/egg-cors/app.js",
    "start": 1588597153600,
    "end": 1588597153600,
    "duration": 0,
    "pid": 16204,
    "index": 56
  },
  {
    "name": "Before Start in node_modules/egg-watcher/lib/init.js:15:14",
    "start": 1588597153621,
    "end": 1588597154057,
    "duration": 436,
    "pid": 16204,
    "index": 57
  },
  {
    "name": "Before Start in node_modules/egg-mysql/lib/mysql.js:20:7",
    "start": 1588597153780,
    "end": 1588597154067,
    "duration": 287,
    "pid": 16204,
    "index": 58
  },
  {
    "name": "Load Service",
    "start": 1588597153780,
    "end": 1588597153789,
    "duration": 9,
    "pid": 16204,
    "index": 59
  },
  {
    "name": "Load \"service\" to Context",
    "start": 1588597153780,
    "end": 1588597153789,
    "duration": 9,
    "pid": 16204,
    "index": 60
  },
  {
    "name": "Load Middleware",
    "start": 1588597153789,
    "end": 1588597154000,
    "duration": 211,
    "pid": 16204,
    "index": 61
  },
  {
    "name": "Load \"middlewares\" to Application",
    "start": 1588597153789,
    "end": 1588597153980,
    "duration": 191,
    "pid": 16204,
    "index": 62
  },
  {
    "name": "Load Controller",
    "start": 1588597154000,
    "end": 1588597154014,
    "duration": 14,
    "pid": 16204,
    "index": 63
  },
  {
    "name": "Load \"controller\" to Application",
    "start": 1588597154000,
    "end": 1588597154014,
    "duration": 14,
    "pid": 16204,
    "index": 64
  },
  {
    "name": "Load Router",
    "start": 1588597154014,
    "end": 1588597154021,
    "duration": 7,
    "pid": 16204,
    "index": 65
  },
  {
    "name": "Require(48) app/router.js",
    "start": 1588597154015,
    "end": 1588597154016,
    "duration": 1,
    "pid": 16204,
    "index": 66
  },
  {
    "name": "Before Start in node_modules/egg-core/lib/egg.js:303:10",
    "start": 1588597154018,
    "end": 1588597154041,
    "duration": 23,
    "pid": 16204,
    "index": 67
  }
]