[
  {
    "name": "Application Start",
    "start": 1588593661288,
    "end": 1588593662232,
    "duration": 944,
    "pid": 17084,
    "index": 0
  },
  {
    "name": "Load Plugin",
    "start": 1588593661297,
    "end": 1588593661354,
    "duration": 57,
    "pid": 17084,
    "index": 1
  },
  {
    "name": "Load Config",
    "start": 1588593661354,
    "end": 1588593661408,
    "duration": 54,
    "pid": 17084,
    "index": 2
  },
  {
    "name": "Require(0) config/config.default.js",
    "start": 1588593661355,
    "end": 1588593661356,
    "duration": 1,
    "pid": 17084,
    "index": 3
  },
  {
    "name": "Require(1) node_modules/egg-session/config/config.default.js",
    "start": 1588593661358,
    "end": 1588593661359,
    "duration": 1,
    "pid": 17084,
    "index": 4
  },
  {
    "name": "Require(2) node_modules/egg-security/config/config.default.js",
    "start": 1588593661360,
    "end": 1588593661361,
    "duration": 1,
    "pid": 17084,
    "index": 5
  },
  {
    "name": "Require(3) node_modules/egg-jsonp/config/config.default.js",
    "start": 1588593661364,
    "end": 1588593661366,
    "duration": 2,
    "pid": 17084,
    "index": 6
  },
  {
    "name": "Require(4) node_modules/egg-onerror/config/config.default.js",
    "start": 1588593661367,
    "end": 1588593661368,
    "duration": 1,
    "pid": 17084,
    "index": 7
  },
  {
    "name": "Require(5) node_modules/egg-i18n/config/config.default.js",
    "start": 1588593661369,
    "end": 1588593661370,
    "duration": 1,
    "pid": 17084,
    "index": 8
  },
  {
    "name": "Require(6) node_modules/egg-watcher/config/config.default.js",
    "start": 1588593661371,
    "end": 1588593661373,
    "duration": 2,
    "pid": 17084,
    "index": 9
  },
  {
    "name": "Require(7) node_modules/egg-schedule/config/config.default.js",
    "start": 1588593661373,
    "end": 1588593661374,
    "duration": 1,
    "pid": 17084,
    "index": 10
  },
  {
    "name": "Require(8) node_modules/egg-multipart/config/config.default.js",
    "start": 1588593661376,
    "end": 1588593661377,
    "duration": 1,
    "pid": 17084,
    "index": 11
  },
  {
    "name": "Require(9) node_modules/egg-development/config/config.default.js",
    "start": 1588593661378,
    "end": 1588593661379,
    "duration": 1,
    "pid": 17084,
    "index": 12
  },
  {
    "name": "Require(10) node_modules/egg-logrotator/config/config.default.js",
    "start": 1588593661380,
    "end": 1588593661381,
    "duration": 1,
    "pid": 17084,
    "index": 13
  },
  {
    "name": "Require(11) node_modules/egg-static/config/config.default.js",
    "start": 1588593661385,
    "end": 1588593661386,
    "duration": 1,
    "pid": 17084,
    "index": 14
  },
  {
    "name": "Require(12) node_modules/egg-view/config/config.default.js",
    "start": 1588593661387,
    "end": 1588593661388,
    "duration": 1,
    "pid": 17084,
    "index": 15
  },
  {
    "name": "Require(13) node_modules/egg-mysql/config/config.default.js",
    "start": 1588593661389,
    "end": 1588593661390,
    "duration": 1,
    "pid": 17084,
    "index": 16
  },
  {
    "name": "Require(14) node_modules/egg-cors/config/config.default.js",
    "start": 1588593661391,
    "end": 1588593661392,
    "duration": 1,
    "pid": 17084,
    "index": 17
  },
  {
    "name": "Require(15) node_modules/egg/config/config.default.js",
    "start": 1588593661393,
    "end": 1588593661394,
    "duration": 1,
    "pid": 17084,
    "index": 18
  },
  {
    "name": "Require(16) config/config.default.js",
    "start": 1588593661395,
    "end": 1588593661395,
    "duration": 0,
    "pid": 17084,
    "index": 19
  },
  {
    "name": "Require(17) node_modules/egg-security/config/config.local.js",
    "start": 1588593661397,
    "end": 1588593661397,
    "duration": 0,
    "pid": 17084,
    "index": 20
  },
  {
    "name": "Require(18) node_modules/egg-watcher/config/config.local.js",
    "start": 1588593661400,
    "end": 1588593661401,
    "duration": 1,
    "pid": 17084,
    "index": 21
  },
  {
    "name": "Require(19) node_modules/egg-view/config/config.local.js",
    "start": 1588593661405,
    "end": 1588593661405,
    "duration": 0,
    "pid": 17084,
    "index": 22
  },
  {
    "name": "Require(20) node_modules/egg/config/config.local.js",
    "start": 1588593661407,
    "end": 1588593661408,
    "duration": 1,
    "pid": 17084,
    "index": 23
  },
  {
    "name": "Load extend/application.js",
    "start": 1588593661409,
    "end": 1588593661443,
    "duration": 34,
    "pid": 17084,
    "index": 24
  },
  {
    "name": "Require(21) node_modules/egg-session/app/extend/application.js",
    "start": 1588593661410,
    "end": 1588593661411,
    "duration": 1,
    "pid": 17084,
    "index": 25
  },
  {
    "name": "Require(22) node_modules/egg-security/app/extend/application.js",
    "start": 1588593661412,
    "end": 1588593661415,
    "duration": 3,
    "pid": 17084,
    "index": 26
  },
  {
    "name": "Require(23) node_modules/egg-jsonp/app/extend/application.js",
    "start": 1588593661416,
    "end": 1588593661420,
    "duration": 4,
    "pid": 17084,
    "index": 27
  },
  {
    "name": "Require(24) node_modules/egg-logrotator/app/extend/application.js",
    "start": 1588593661424,
    "end": 1588593661428,
    "duration": 4,
    "pid": 17084,
    "index": 28
  },
  {
    "name": "Require(25) node_modules/egg-view/app/extend/application.js",
    "start": 1588593661429,
    "end": 1588593661433,
    "duration": 4,
    "pid": 17084,
    "index": 29
  },
  {
    "name": "Load extend/request.js",
    "start": 1588593661443,
    "end": 1588593661462,
    "duration": 19,
    "pid": 17084,
    "index": 30
  },
  {
    "name": "Require(26) node_modules/egg/app/extend/request.js",
    "start": 1588593661452,
    "end": 1588593661454,
    "duration": 2,
    "pid": 17084,
    "index": 31
  },
  {
    "name": "Load extend/response.js",
    "start": 1588593661462,
    "end": 1588593661483,
    "duration": 21,
    "pid": 17084,
    "index": 32
  },
  {
    "name": "Require(27) node_modules/egg/app/extend/response.js",
    "start": 1588593661471,
    "end": 1588593661474,
    "duration": 3,
    "pid": 17084,
    "index": 33
  },
  {
    "name": "Load extend/context.js",
    "start": 1588593661483,
    "end": 1588593661596,
    "duration": 113,
    "pid": 17084,
    "index": 34
  },
  {
    "name": "Require(28) node_modules/egg-security/app/extend/context.js",
    "start": 1588593661484,
    "end": 1588593661507,
    "duration": 23,
    "pid": 17084,
    "index": 35
  },
  {
    "name": "Require(29) node_modules/egg-jsonp/app/extend/context.js",
    "start": 1588593661507,
    "end": 1588593661510,
    "duration": 3,
    "pid": 17084,
    "index": 36
  },
  {
    "name": "Require(30) node_modules/egg-i18n/app/extend/context.js",
    "start": 1588593661512,
    "end": 1588593661513,
    "duration": 1,
    "pid": 17084,
    "index": 37
  },
  {
    "name": "Require(31) node_modules/egg-multipart/app/extend/context.js",
    "start": 1588593661515,
    "end": 1588593661580,
    "duration": 65,
    "pid": 17084,
    "index": 38
  },
  {
    "name": "Require(32) node_modules/egg-view/app/extend/context.js",
    "start": 1588593661583,
    "end": 1588593661584,
    "duration": 1,
    "pid": 17084,
    "index": 39
  },
  {
    "name": "Require(33) node_modules/egg/app/extend/context.js",
    "start": 1588593661586,
    "end": 1588593661587,
    "duration": 1,
    "pid": 17084,
    "index": 40
  },
  {
    "name": "Load extend/helper.js",
    "start": 1588593661597,
    "end": 1588593661650,
    "duration": 53,
    "pid": 17084,
    "index": 41
  },
  {
    "name": "Require(34) node_modules/egg-security/app/extend/helper.js",
    "start": 1588593661598,
    "end": 1588593661633,
    "duration": 35,
    "pid": 17084,
    "index": 42
  },
  {
    "name": "Require(35) node_modules/egg/app/extend/helper.js",
    "start": 1588593661640,
    "end": 1588593661641,
    "duration": 1,
    "pid": 17084,
    "index": 43
  },
  {
    "name": "Load app.js",
    "start": 1588593661650,
    "end": 1588593661781,
    "duration": 131,
    "pid": 17084,
    "index": 44
  },
  {
    "name": "Require(36) node_modules/egg-session/app.js",
    "start": 1588593661651,
    "end": 1588593661651,
    "duration": 0,
    "pid": 17084,
    "index": 45
  },
  {
    "name": "Require(37) node_modules/egg-security/app.js",
    "start": 1588593661652,
    "end": 1588593661655,
    "duration": 3,
    "pid": 17084,
    "index": 46
  },
  {
    "name": "Require(38) node_modules/egg-onerror/app.js",
    "start": 1588593661657,
    "end": 1588593661677,
    "duration": 20,
    "pid": 17084,
    "index": 47
  },
  {
    "name": "Require(39) node_modules/egg-i18n/app.js",
    "start": 1588593661678,
    "end": 1588593661711,
    "duration": 33,
    "pid": 17084,
    "index": 48
  },
  {
    "name": "Require(40) node_modules/egg-watcher/app.js",
    "start": 1588593661712,
    "end": 1588593661723,
    "duration": 11,
    "pid": 17084,
    "index": 49
  },
  {
    "name": "Require(41) node_modules/egg-schedule/app.js",
    "start": 1588593661723,
    "end": 1588593661726,
    "duration": 3,
    "pid": 17084,
    "index": 50
  },
  {
    "name": "Require(42) node_modules/egg-multipart/app.js",
    "start": 1588593661727,
    "end": 1588593661733,
    "duration": 6,
    "pid": 17084,
    "index": 51
  },
  {
    "name": "Require(43) node_modules/egg-development/app.js",
    "start": 1588593661734,
    "end": 1588593661734,
    "duration": 0,
    "pid": 17084,
    "index": 52
  },
  {
    "name": "Require(44) node_modules/egg-logrotator/app.js",
    "start": 1588593661735,
    "end": 1588593661735,
    "duration": 0,
    "pid": 17084,
    "index": 53
  },
  {
    "name": "Require(45) node_modules/egg-static/app.js",
    "start": 1588593661736,
    "end": 1588593661737,
    "duration": 1,
    "pid": 17084,
    "index": 54
  },
  {
    "name": "Require(46) node_modules/egg-mysql/app.js",
    "start": 1588593661738,
    "end": 1588593661777,
    "duration": 39,
    "pid": 17084,
    "index": 55
  },
  {
    "name": "Require(47) node_modules/egg-cors/app.js",
    "start": 1588593661778,
    "end": 1588593661778,
    "duration": 0,
    "pid": 17084,
    "index": 56
  },
  {
    "name": "Before Start in node_modules/egg-watcher/lib/init.js:15:14",
    "start": 1588593661803,
    "end": 1588593662225,
    "duration": 422,
    "pid": 17084,
    "index": 57
  },
  {
    "name": "Before Start in node_modules/egg-mysql/lib/mysql.js:20:7",
    "start": 1588593661982,
    "end": 1588593662232,
    "duration": 250,
    "pid": 17084,
    "index": 58
  },
  {
    "name": "Load Service",
    "start": 1588593661982,
    "end": 1588593661992,
    "duration": 10,
    "pid": 17084,
    "index": 59
  },
  {
    "name": "Load \"service\" to Context",
    "start": 1588593661982,
    "end": 1588593661992,
    "duration": 10,
    "pid": 17084,
    "index": 60
  },
  {
    "name": "Load Middleware",
    "start": 1588593661992,
    "end": 1588593662171,
    "duration": 179,
    "pid": 17084,
    "index": 61
  },
  {
    "name": "Load \"middlewares\" to Application",
    "start": 1588593661992,
    "end": 1588593662154,
    "duration": 162,
    "pid": 17084,
    "index": 62
  },
  {
    "name": "Load Controller",
    "start": 1588593662171,
    "end": 1588593662183,
    "duration": 12,
    "pid": 17084,
    "index": 63
  },
  {
    "name": "Load \"controller\" to Application",
    "start": 1588593662171,
    "end": 1588593662183,
    "duration": 12,
    "pid": 17084,
    "index": 64
  },
  {
    "name": "Load Router",
    "start": 1588593662183,
    "end": 1588593662189,
    "duration": 6,
    "pid": 17084,
    "index": 65
  },
  {
    "name": "Require(48) app/router.js",
    "start": 1588593662184,
    "end": 1588593662184,
    "duration": 0,
    "pid": 17084,
    "index": 66
  },
  {
    "name": "Before Start in node_modules/egg-core/lib/egg.js:303:10",
    "start": 1588593662186,
    "end": 1588593662210,
    "duration": 24,
    "pid": 17084,
    "index": 67
  }
]