[
  {
    "name": "Application Start",
    "start": 1588597416141,
    "end": 1588597417099,
    "duration": 958,
    "pid": 16200,
    "index": 0
  },
  {
    "name": "Load Plugin",
    "start": 1588597416150,
    "end": 1588597416216,
    "duration": 66,
    "pid": 16200,
    "index": 1
  },
  {
    "name": "Load Config",
    "start": 1588597416216,
    "end": 1588597416271,
    "duration": 55,
    "pid": 16200,
    "index": 2
  },
  {
    "name": "Require(0) config/config.default.js",
    "start": 1588597416218,
    "end": 1588597416218,
    "duration": 0,
    "pid": 16200,
    "index": 3
  },
  {
    "name": "Require(1) node_modules/egg-session/config/config.default.js",
    "start": 1588597416221,
    "end": 1588597416222,
    "duration": 1,
    "pid": 16200,
    "index": 4
  },
  {
    "name": "Require(2) node_modules/egg-security/config/config.default.js",
    "start": 1588597416223,
    "end": 1588597416224,
    "duration": 1,
    "pid": 16200,
    "index": 5
  },
  {
    "name": "Require(3) node_modules/egg-jsonp/config/config.default.js",
    "start": 1588597416226,
    "end": 1588597416227,
    "duration": 1,
    "pid": 16200,
    "index": 6
  },
  {
    "name": "Require(4) node_modules/egg-onerror/config/config.default.js",
    "start": 1588597416228,
    "end": 1588597416230,
    "duration": 2,
    "pid": 16200,
    "index": 7
  },
  {
    "name": "Require(5) node_modules/egg-i18n/config/config.default.js",
    "start": 1588597416231,
    "end": 1588597416232,
    "duration": 1,
    "pid": 16200,
    "index": 8
  },
  {
    "name": "Require(6) node_modules/egg-watcher/config/config.default.js",
    "start": 1588597416234,
    "end": 1588597416235,
    "duration": 1,
    "pid": 16200,
    "index": 9
  },
  {
    "name": "Require(7) node_modules/egg-schedule/config/config.default.js",
    "start": 1588597416236,
    "end": 1588597416237,
    "duration": 1,
    "pid": 16200,
    "index": 10
  },
  {
    "name": "Require(8) node_modules/egg-multipart/config/config.default.js",
    "start": 1588597416238,
    "end": 1588597416239,
    "duration": 1,
    "pid": 16200,
    "index": 11
  },
  {
    "name": "Require(9) node_modules/egg-development/config/config.default.js",
    "start": 1588597416240,
    "end": 1588597416241,
    "duration": 1,
    "pid": 16200,
    "index": 12
  },
  {
    "name": "Require(10) node_modules/egg-logrotator/config/config.default.js",
    "start": 1588597416243,
    "end": 1588597416244,
    "duration": 1,
    "pid": 16200,
    "index": 13
  },
  {
    "name": "Require(11) node_modules/egg-static/config/config.default.js",
    "start": 1588597416247,
    "end": 1588597416248,
    "duration": 1,
    "pid": 16200,
    "index": 14
  },
  {
    "name": "Require(12) node_modules/egg-view/config/config.default.js",
    "start": 1588597416250,
    "end": 1588597416251,
    "duration": 1,
    "pid": 16200,
    "index": 15
  },
  {
    "name": "Require(13) node_modules/egg-mysql/config/config.default.js",
    "start": 1588597416252,
    "end": 1588597416253,
    "duration": 1,
    "pid": 16200,
    "index": 16
  },
  {
    "name": "Require(14) node_modules/egg-cors/config/config.default.js",
    "start": 1588597416254,
    "end": 1588597416255,
    "duration": 1,
    "pid": 16200,
    "index": 17
  },
  {
    "name": "Require(15) node_modules/egg/config/config.default.js",
    "start": 1588597416256,
    "end": 1588597416257,
    "duration": 1,
    "pid": 16200,
    "index": 18
  },
  {
    "name": "Require(16) config/config.default.js",
    "start": 1588597416259,
    "end": 1588597416259,
    "duration": 0,
    "pid": 16200,
    "index": 19
  },
  {
    "name": "Require(17) node_modules/egg-security/config/config.local.js",
    "start": 1588597416260,
    "end": 1588597416261,
    "duration": 1,
    "pid": 16200,
    "index": 20
  },
  {
    "name": "Require(18) node_modules/egg-watcher/config/config.local.js",
    "start": 1588597416264,
    "end": 1588597416264,
    "duration": 0,
    "pid": 16200,
    "index": 21
  },
  {
    "name": "Require(19) node_modules/egg-view/config/config.local.js",
    "start": 1588597416268,
    "end": 1588597416269,
    "duration": 1,
    "pid": 16200,
    "index": 22
  },
  {
    "name": "Require(20) node_modules/egg/config/config.local.js",
    "start": 1588597416271,
    "end": 1588597416271,
    "duration": 0,
    "pid": 16200,
    "index": 23
  },
  {
    "name": "Load extend/application.js",
    "start": 1588597416272,
    "end": 1588597416309,
    "duration": 37,
    "pid": 16200,
    "index": 24
  },
  {
    "name": "Require(21) node_modules/egg-session/app/extend/application.js",
    "start": 1588597416273,
    "end": 1588597416275,
    "duration": 2,
    "pid": 16200,
    "index": 25
  },
  {
    "name": "Require(22) node_modules/egg-security/app/extend/application.js",
    "start": 1588597416276,
    "end": 1588597416279,
    "duration": 3,
    "pid": 16200,
    "index": 26
  },
  {
    "name": "Require(23) node_modules/egg-jsonp/app/extend/application.js",
    "start": 1588597416281,
    "end": 1588597416284,
    "duration": 3,
    "pid": 16200,
    "index": 27
  },
  {
    "name": "Require(24) node_modules/egg-logrotator/app/extend/application.js",
    "start": 1588597416288,
    "end": 1588597416292,
    "duration": 4,
    "pid": 16200,
    "index": 28
  },
  {
    "name": "Require(25) node_modules/egg-view/app/extend/application.js",
    "start": 1588597416294,
    "end": 1588597416297,
    "duration": 3,
    "pid": 16200,
    "index": 29
  },
  {
    "name": "Load extend/request.js",
    "start": 1588597416309,
    "end": 1588597416330,
    "duration": 21,
    "pid": 16200,
    "index": 30
  },
  {
    "name": "Require(26) node_modules/egg/app/extend/request.js",
    "start": 1588597416318,
    "end": 1588597416320,
    "duration": 2,
    "pid": 16200,
    "index": 31
  },
  {
    "name": "Load extend/response.js",
    "start": 1588597416330,
    "end": 1588597416351,
    "duration": 21,
    "pid": 16200,
    "index": 32
  },
  {
    "name": "Require(27) node_modules/egg/app/extend/response.js",
    "start": 1588597416338,
    "end": 1588597416341,
    "duration": 3,
    "pid": 16200,
    "index": 33
  },
  {
    "name": "Load extend/context.js",
    "start": 1588597416351,
    "end": 1588597416475,
    "duration": 124,
    "pid": 16200,
    "index": 34
  },
  {
    "name": "Require(28) node_modules/egg-security/app/extend/context.js",
    "start": 1588597416352,
    "end": 1588597416376,
    "duration": 24,
    "pid": 16200,
    "index": 35
  },
  {
    "name": "Require(29) node_modules/egg-jsonp/app/extend/context.js",
    "start": 1588597416377,
    "end": 1588597416380,
    "duration": 3,
    "pid": 16200,
    "index": 36
  },
  {
    "name": "Require(30) node_modules/egg-i18n/app/extend/context.js",
    "start": 1588597416381,
    "end": 1588597416382,
    "duration": 1,
    "pid": 16200,
    "index": 37
  },
  {
    "name": "Require(31) node_modules/egg-multipart/app/extend/context.js",
    "start": 1588597416385,
    "end": 1588597416459,
    "duration": 74,
    "pid": 16200,
    "index": 38
  },
  {
    "name": "Require(32) node_modules/egg-view/app/extend/context.js",
    "start": 1588597416461,
    "end": 1588597416463,
    "duration": 2,
    "pid": 16200,
    "index": 39
  },
  {
    "name": "Require(33) node_modules/egg/app/extend/context.js",
    "start": 1588597416465,
    "end": 1588597416466,
    "duration": 1,
    "pid": 16200,
    "index": 40
  },
  {
    "name": "Load extend/helper.js",
    "start": 1588597416475,
    "end": 1588597416533,
    "duration": 58,
    "pid": 16200,
    "index": 41
  },
  {
    "name": "Require(34) node_modules/egg-security/app/extend/helper.js",
    "start": 1588597416477,
    "end": 1588597416514,
    "duration": 37,
    "pid": 16200,
    "index": 42
  },
  {
    "name": "Require(35) node_modules/egg/app/extend/helper.js",
    "start": 1588597416522,
    "end": 1588597416523,
    "duration": 1,
    "pid": 16200,
    "index": 43
  },
  {
    "name": "Load app.js",
    "start": 1588597416533,
    "end": 1588597416663,
    "duration": 130,
    "pid": 16200,
    "index": 44
  },
  {
    "name": "Require(36) node_modules/egg-session/app.js",
    "start": 1588597416534,
    "end": 1588597416535,
    "duration": 1,
    "pid": 16200,
    "index": 45
  },
  {
    "name": "Require(37) node_modules/egg-security/app.js",
    "start": 1588597416536,
    "end": 1588597416539,
    "duration": 3,
    "pid": 16200,
    "index": 46
  },
  {
    "name": "Require(38) node_modules/egg-onerror/app.js",
    "start": 1588597416541,
    "end": 1588597416560,
    "duration": 19,
    "pid": 16200,
    "index": 47
  },
  {
    "name": "Require(39) node_modules/egg-i18n/app.js",
    "start": 1588597416561,
    "end": 1588597416592,
    "duration": 31,
    "pid": 16200,
    "index": 48
  },
  {
    "name": "Require(40) node_modules/egg-watcher/app.js",
    "start": 1588597416593,
    "end": 1588597416604,
    "duration": 11,
    "pid": 16200,
    "index": 49
  },
  {
    "name": "Require(41) node_modules/egg-schedule/app.js",
    "start": 1588597416605,
    "end": 1588597416607,
    "duration": 2,
    "pid": 16200,
    "index": 50
  },
  {
    "name": "Require(42) node_modules/egg-multipart/app.js",
    "start": 1588597416608,
    "end": 1588597416614,
    "duration": 6,
    "pid": 16200,
    "index": 51
  },
  {
    "name": "Require(43) node_modules/egg-development/app.js",
    "start": 1588597416615,
    "end": 1588597416616,
    "duration": 1,
    "pid": 16200,
    "index": 52
  },
  {
    "name": "Require(44) node_modules/egg-logrotator/app.js",
    "start": 1588597416616,
    "end": 1588597416617,
    "duration": 1,
    "pid": 16200,
    "index": 53
  },
  {
    "name": "Require(45) node_modules/egg-static/app.js",
    "start": 1588597416618,
    "end": 1588597416618,
    "duration": 0,
    "pid": 16200,
    "index": 54
  },
  {
    "name": "Require(46) node_modules/egg-mysql/app.js",
    "start": 1588597416620,
    "end": 1588597416659,
    "duration": 39,
    "pid": 16200,
    "index": 55
  },
  {
    "name": "Require(47) node_modules/egg-cors/app.js",
    "start": 1588597416660,
    "end": 1588597416660,
    "duration": 0,
    "pid": 16200,
    "index": 56
  },
  {
    "name": "Before Start in node_modules/egg-watcher/lib/init.js:15:14",
    "start": 1588597416681,
    "end": 1588597417092,
    "duration": 411,
    "pid": 16200,
    "index": 57
  },
  {
    "name": "Before Start in node_modules/egg-mysql/lib/mysql.js:20:7",
    "start": 1588597416842,
    "end": 1588597417098,
    "duration": 256,
    "pid": 16200,
    "index": 58
  },
  {
    "name": "Load Service",
    "start": 1588597416843,
    "end": 1588597416852,
    "duration": 9,
    "pid": 16200,
    "index": 59
  },
  {
    "name": "Load \"service\" to Context",
    "start": 1588597416843,
    "end": 1588597416852,
    "duration": 9,
    "pid": 16200,
    "index": 60
  },
  {
    "name": "Load Middleware",
    "start": 1588597416852,
    "end": 1588597417038,
    "duration": 186,
    "pid": 16200,
    "index": 61
  },
  {
    "name": "Load \"middlewares\" to Application",
    "start": 1588597416852,
    "end": 1588597417021,
    "duration": 169,
    "pid": 16200,
    "index": 62
  },
  {
    "name": "Load Controller",
    "start": 1588597417038,
    "end": 1588597417049,
    "duration": 11,
    "pid": 16200,
    "index": 63
  },
  {
    "name": "Load \"controller\" to Application",
    "start": 1588597417038,
    "end": 1588597417049,
    "duration": 11,
    "pid": 16200,
    "index": 64
  },
  {
    "name": "Load Router",
    "start": 1588597417049,
    "end": 1588597417055,
    "duration": 6,
    "pid": 16200,
    "index": 65
  },
  {
    "name": "Require(48) app/router.js",
    "start": 1588597417050,
    "end": 1588597417050,
    "duration": 0,
    "pid": 16200,
    "index": 66
  },
  {
    "name": "Before Start in node_modules/egg-core/lib/egg.js:303:10",
    "start": 1588597417052,
    "end": 1588597417076,
    "duration": 24,
    "pid": 16200,
    "index": 67
  }
]