[
  {
    "name": "Application Start",
    "start": 1588593639121,
    "end": 1588593640239,
    "duration": 1118,
    "pid": 14456,
    "index": 0
  },
  {
    "name": "Load Plugin",
    "start": 1588593639130,
    "end": 1588593639189,
    "duration": 59,
    "pid": 14456,
    "index": 1
  },
  {
    "name": "Load Config",
    "start": 1588593639189,
    "end": 1588593639242,
    "duration": 53,
    "pid": 14456,
    "index": 2
  },
  {
    "name": "Require(0) config/config.default.js",
    "start": 1588593639190,
    "end": 1588593639190,
    "duration": 0,
    "pid": 14456,
    "index": 3
  },
  {
    "name": "Require(1) node_modules/egg-session/config/config.default.js",
    "start": 1588593639193,
    "end": 1588593639194,
    "duration": 1,
    "pid": 14456,
    "index": 4
  },
  {
    "name": "Require(2) node_modules/egg-security/config/config.default.js",
    "start": 1588593639195,
    "end": 1588593639196,
    "duration": 1,
    "pid": 14456,
    "index": 5
  },
  {
    "name": "Require(3) node_modules/egg-jsonp/config/config.default.js",
    "start": 1588593639198,
    "end": 1588593639199,
    "duration": 1,
    "pid": 14456,
    "index": 6
  },
  {
    "name": "Require(4) node_modules/egg-onerror/config/config.default.js",
    "start": 1588593639200,
    "end": 1588593639201,
    "duration": 1,
    "pid": 14456,
    "index": 7
  },
  {
    "name": "Require(5) node_modules/egg-i18n/config/config.default.js",
    "start": 1588593639202,
    "end": 1588593639203,
    "duration": 1,
    "pid": 14456,
    "index": 8
  },
  {
    "name": "Require(6) node_modules/egg-watcher/config/config.default.js",
    "start": 1588593639204,
    "end": 1588593639206,
    "duration": 2,
    "pid": 14456,
    "index": 9
  },
  {
    "name": "Require(7) node_modules/egg-schedule/config/config.default.js",
    "start": 1588593639207,
    "end": 1588593639208,
    "duration": 1,
    "pid": 14456,
    "index": 10
  },
  {
    "name": "Require(8) node_modules/egg-multipart/config/config.default.js",
    "start": 1588593639209,
    "end": 1588593639210,
    "duration": 1,
    "pid": 14456,
    "index": 11
  },
  {
    "name": "Require(9) node_modules/egg-development/config/config.default.js",
    "start": 1588593639211,
    "end": 1588593639212,
    "duration": 1,
    "pid": 14456,
    "index": 12
  },
  {
    "name": "Require(10) node_modules/egg-logrotator/config/config.default.js",
    "start": 1588593639213,
    "end": 1588593639217,
    "duration": 4,
    "pid": 14456,
    "index": 13
  },
  {
    "name": "Require(11) node_modules/egg-static/config/config.default.js",
    "start": 1588593639218,
    "end": 1588593639219,
    "duration": 1,
    "pid": 14456,
    "index": 14
  },
  {
    "name": "Require(12) node_modules/egg-view/config/config.default.js",
    "start": 1588593639220,
    "end": 1588593639221,
    "duration": 1,
    "pid": 14456,
    "index": 15
  },
  {
    "name": "Require(13) node_modules/egg-mysql/config/config.default.js",
    "start": 1588593639222,
    "end": 1588593639224,
    "duration": 2,
    "pid": 14456,
    "index": 16
  },
  {
    "name": "Require(14) node_modules/egg-cors/config/config.default.js",
    "start": 1588593639225,
    "end": 1588593639226,
    "duration": 1,
    "pid": 14456,
    "index": 17
  },
  {
    "name": "Require(15) node_modules/egg/config/config.default.js",
    "start": 1588593639227,
    "end": 1588593639227,
    "duration": 0,
    "pid": 14456,
    "index": 18
  },
  {
    "name": "Require(16) config/config.default.js",
    "start": 1588593639229,
    "end": 1588593639229,
    "duration": 0,
    "pid": 14456,
    "index": 19
  },
  {
    "name": "Require(17) node_modules/egg-security/config/config.local.js",
    "start": 1588593639231,
    "end": 1588593639231,
    "duration": 0,
    "pid": 14456,
    "index": 20
  },
  {
    "name": "Require(18) node_modules/egg-watcher/config/config.local.js",
    "start": 1588593639234,
    "end": 1588593639234,
    "duration": 0,
    "pid": 14456,
    "index": 21
  },
  {
    "name": "Require(19) node_modules/egg-view/config/config.local.js",
    "start": 1588593639238,
    "end": 1588593639239,
    "duration": 1,
    "pid": 14456,
    "index": 22
  },
  {
    "name": "Require(20) node_modules/egg/config/config.local.js",
    "start": 1588593639241,
    "end": 1588593639241,
    "duration": 0,
    "pid": 14456,
    "index": 23
  },
  {
    "name": "Load extend/application.js",
    "start": 1588593639243,
    "end": 1588593639286,
    "duration": 43,
    "pid": 14456,
    "index": 24
  },
  {
    "name": "Require(21) node_modules/egg-session/app/extend/application.js",
    "start": 1588593639246,
    "end": 1588593639247,
    "duration": 1,
    "pid": 14456,
    "index": 25
  },
  {
    "name": "Require(22) node_modules/egg-security/app/extend/application.js",
    "start": 1588593639248,
    "end": 1588593639251,
    "duration": 3,
    "pid": 14456,
    "index": 26
  },
  {
    "name": "Require(23) node_modules/egg-jsonp/app/extend/application.js",
    "start": 1588593639253,
    "end": 1588593639256,
    "duration": 3,
    "pid": 14456,
    "index": 27
  },
  {
    "name": "Require(24) node_modules/egg-logrotator/app/extend/application.js",
    "start": 1588593639261,
    "end": 1588593639265,
    "duration": 4,
    "pid": 14456,
    "index": 28
  },
  {
    "name": "Require(25) node_modules/egg-view/app/extend/application.js",
    "start": 1588593639267,
    "end": 1588593639272,
    "duration": 5,
    "pid": 14456,
    "index": 29
  },
  {
    "name": "Load extend/request.js",
    "start": 1588593639286,
    "end": 1588593639308,
    "duration": 22,
    "pid": 14456,
    "index": 30
  },
  {
    "name": "Require(26) node_modules/egg/app/extend/request.js",
    "start": 1588593639296,
    "end": 1588593639298,
    "duration": 2,
    "pid": 14456,
    "index": 31
  },
  {
    "name": "Load extend/response.js",
    "start": 1588593639308,
    "end": 1588593639329,
    "duration": 21,
    "pid": 14456,
    "index": 32
  },
  {
    "name": "Require(27) node_modules/egg/app/extend/response.js",
    "start": 1588593639316,
    "end": 1588593639320,
    "duration": 4,
    "pid": 14456,
    "index": 33
  },
  {
    "name": "Load extend/context.js",
    "start": 1588593639329,
    "end": 1588593639468,
    "duration": 139,
    "pid": 14456,
    "index": 34
  },
  {
    "name": "Require(28) node_modules/egg-security/app/extend/context.js",
    "start": 1588593639330,
    "end": 1588593639359,
    "duration": 29,
    "pid": 14456,
    "index": 35
  },
  {
    "name": "Require(29) node_modules/egg-jsonp/app/extend/context.js",
    "start": 1588593639360,
    "end": 1588593639363,
    "duration": 3,
    "pid": 14456,
    "index": 36
  },
  {
    "name": "Require(30) node_modules/egg-i18n/app/extend/context.js",
    "start": 1588593639365,
    "end": 1588593639367,
    "duration": 2,
    "pid": 14456,
    "index": 37
  },
  {
    "name": "Require(31) node_modules/egg-multipart/app/extend/context.js",
    "start": 1588593639369,
    "end": 1588593639451,
    "duration": 82,
    "pid": 14456,
    "index": 38
  },
  {
    "name": "Require(32) node_modules/egg-view/app/extend/context.js",
    "start": 1588593639454,
    "end": 1588593639456,
    "duration": 2,
    "pid": 14456,
    "index": 39
  },
  {
    "name": "Require(33) node_modules/egg/app/extend/context.js",
    "start": 1588593639458,
    "end": 1588593639459,
    "duration": 1,
    "pid": 14456,
    "index": 40
  },
  {
    "name": "Load extend/helper.js",
    "start": 1588593639469,
    "end": 1588593639528,
    "duration": 59,
    "pid": 14456,
    "index": 41
  },
  {
    "name": "Require(34) node_modules/egg-security/app/extend/helper.js",
    "start": 1588593639471,
    "end": 1588593639510,
    "duration": 39,
    "pid": 14456,
    "index": 42
  },
  {
    "name": "Require(35) node_modules/egg/app/extend/helper.js",
    "start": 1588593639518,
    "end": 1588593639518,
    "duration": 0,
    "pid": 14456,
    "index": 43
  },
  {
    "name": "Load app.js",
    "start": 1588593639529,
    "end": 1588593639684,
    "duration": 155,
    "pid": 14456,
    "index": 44
  },
  {
    "name": "Require(36) node_modules/egg-session/app.js",
    "start": 1588593639530,
    "end": 1588593639530,
    "duration": 0,
    "pid": 14456,
    "index": 45
  },
  {
    "name": "Require(37) node_modules/egg-security/app.js",
    "start": 1588593639531,
    "end": 1588593639534,
    "duration": 3,
    "pid": 14456,
    "index": 46
  },
  {
    "name": "Require(38) node_modules/egg-onerror/app.js",
    "start": 1588593639537,
    "end": 1588593639558,
    "duration": 21,
    "pid": 14456,
    "index": 47
  },
  {
    "name": "Require(39) node_modules/egg-i18n/app.js",
    "start": 1588593639559,
    "end": 1588593639596,
    "duration": 37,
    "pid": 14456,
    "index": 48
  },
  {
    "name": "Require(40) node_modules/egg-watcher/app.js",
    "start": 1588593639597,
    "end": 1588593639609,
    "duration": 12,
    "pid": 14456,
    "index": 49
  },
  {
    "name": "Require(41) node_modules/egg-schedule/app.js",
    "start": 1588593639610,
    "end": 1588593639613,
    "duration": 3,
    "pid": 14456,
    "index": 50
  },
  {
    "name": "Require(42) node_modules/egg-multipart/app.js",
    "start": 1588593639614,
    "end": 1588593639622,
    "duration": 8,
    "pid": 14456,
    "index": 51
  },
  {
    "name": "Require(43) node_modules/egg-development/app.js",
    "start": 1588593639623,
    "end": 1588593639623,
    "duration": 0,
    "pid": 14456,
    "index": 52
  },
  {
    "name": "Require(44) node_modules/egg-logrotator/app.js",
    "start": 1588593639624,
    "end": 1588593639624,
    "duration": 0,
    "pid": 14456,
    "index": 53
  },
  {
    "name": "Require(45) node_modules/egg-static/app.js",
    "start": 1588593639625,
    "end": 1588593639626,
    "duration": 1,
    "pid": 14456,
    "index": 54
  },
  {
    "name": "Require(46) node_modules/egg-mysql/app.js",
    "start": 1588593639627,
    "end": 1588593639679,
    "duration": 52,
    "pid": 14456,
    "index": 55
  },
  {
    "name": "Require(47) node_modules/egg-cors/app.js",
    "start": 1588593639680,
    "end": 1588593639681,
    "duration": 1,
    "pid": 14456,
    "index": 56
  },
  {
    "name": "Before Start in node_modules/egg-watcher/lib/init.js:15:14",
    "start": 1588593639712,
    "end": 1588593640204,
    "duration": 492,
    "pid": 14456,
    "index": 57
  },
  {
    "name": "Before Start in node_modules/egg-mysql/lib/mysql.js:20:7",
    "start": 1588593639895,
    "end": 1588593640238,
    "duration": 343,
    "pid": 14456,
    "index": 58
  },
  {
    "name": "Load Service",
    "start": 1588593639895,
    "end": 1588593639910,
    "duration": 15,
    "pid": 14456,
    "index": 59
  },
  {
    "name": "Load \"service\" to Context",
    "start": 1588593639895,
    "end": 1588593639910,
    "duration": 15,
    "pid": 14456,
    "index": 60
  },
  {
    "name": "Load Middleware",
    "start": 1588593639910,
    "end": 1588593640127,
    "duration": 217,
    "pid": 14456,
    "index": 61
  },
  {
    "name": "Load \"middlewares\" to Application",
    "start": 1588593639911,
    "end": 1588593640106,
    "duration": 195,
    "pid": 14456,
    "index": 62
  },
  {
    "name": "Load Controller",
    "start": 1588593640128,
    "end": 1588593640140,
    "duration": 12,
    "pid": 14456,
    "index": 63
  },
  {
    "name": "Load \"controller\" to Application",
    "start": 1588593640128,
    "end": 1588593640140,
    "duration": 12,
    "pid": 14456,
    "index": 64
  },
  {
    "name": "Load Router",
    "start": 1588593640140,
    "end": 1588593640146,
    "duration": 6,
    "pid": 14456,
    "index": 65
  },
  {
    "name": "Require(48) app/router.js",
    "start": 1588593640141,
    "end": 1588593640141,
    "duration": 0,
    "pid": 14456,
    "index": 66
  },
  {
    "name": "Before Start in node_modules/egg-core/lib/egg.js:303:10",
    "start": 1588593640143,
    "end": 1588593640174,
    "duration": 31,
    "pid": 14456,
    "index": 67
  }
]