[
  {
    "name": "Application Start",
    "start": 1588594548408,
    "end": 1588594549382,
    "duration": 974,
    "pid": 5784,
    "index": 0
  },
  {
    "name": "Load Plugin",
    "start": 1588594548418,
    "end": 1588594548478,
    "duration": 60,
    "pid": 5784,
    "index": 1
  },
  {
    "name": "Load Config",
    "start": 1588594548478,
    "end": 1588594548532,
    "duration": 54,
    "pid": 5784,
    "index": 2
  },
  {
    "name": "Require(0) config/config.default.js",
    "start": 1588594548479,
    "end": 1588594548480,
    "duration": 1,
    "pid": 5784,
    "index": 3
  },
  {
    "name": "Require(1) node_modules/egg-session/config/config.default.js",
    "start": 1588594548482,
    "end": 1588594548484,
    "duration": 2,
    "pid": 5784,
    "index": 4
  },
  {
    "name": "Require(2) node_modules/egg-security/config/config.default.js",
    "start": 1588594548485,
    "end": 1588594548486,
    "duration": 1,
    "pid": 5784,
    "index": 5
  },
  {
    "name": "Require(3) node_modules/egg-jsonp/config/config.default.js",
    "start": 1588594548487,
    "end": 1588594548488,
    "duration": 1,
    "pid": 5784,
    "index": 6
  },
  {
    "name": "Require(4) node_modules/egg-onerror/config/config.default.js",
    "start": 1588594548489,
    "end": 1588594548491,
    "duration": 2,
    "pid": 5784,
    "index": 7
  },
  {
    "name": "Require(5) node_modules/egg-i18n/config/config.default.js",
    "start": 1588594548492,
    "end": 1588594548493,
    "duration": 1,
    "pid": 5784,
    "index": 8
  },
  {
    "name": "Require(6) node_modules/egg-watcher/config/config.default.js",
    "start": 1588594548494,
    "end": 1588594548496,
    "duration": 2,
    "pid": 5784,
    "index": 9
  },
  {
    "name": "Require(7) node_modules/egg-schedule/config/config.default.js",
    "start": 1588594548497,
    "end": 1588594548498,
    "duration": 1,
    "pid": 5784,
    "index": 10
  },
  {
    "name": "Require(8) node_modules/egg-multipart/config/config.default.js",
    "start": 1588594548500,
    "end": 1588594548501,
    "duration": 1,
    "pid": 5784,
    "index": 11
  },
  {
    "name": "Require(9) node_modules/egg-development/config/config.default.js",
    "start": 1588594548502,
    "end": 1588594548503,
    "duration": 1,
    "pid": 5784,
    "index": 12
  },
  {
    "name": "Require(10) node_modules/egg-logrotator/config/config.default.js",
    "start": 1588594548504,
    "end": 1588594548505,
    "duration": 1,
    "pid": 5784,
    "index": 13
  },
  {
    "name": "Require(11) node_modules/egg-static/config/config.default.js",
    "start": 1588594548506,
    "end": 1588594548507,
    "duration": 1,
    "pid": 5784,
    "index": 14
  },
  {
    "name": "Require(12) node_modules/egg-view/config/config.default.js",
    "start": 1588594548508,
    "end": 1588594548510,
    "duration": 2,
    "pid": 5784,
    "index": 15
  },
  {
    "name": "Require(13) node_modules/egg-mysql/config/config.default.js",
    "start": 1588594548511,
    "end": 1588594548512,
    "duration": 1,
    "pid": 5784,
    "index": 16
  },
  {
    "name": "Require(14) node_modules/egg-cors/config/config.default.js",
    "start": 1588594548515,
    "end": 1588594548517,
    "duration": 2,
    "pid": 5784,
    "index": 17
  },
  {
    "name": "Require(15) node_modules/egg/config/config.default.js",
    "start": 1588594548517,
    "end": 1588594548518,
    "duration": 1,
    "pid": 5784,
    "index": 18
  },
  {
    "name": "Require(16) config/config.default.js",
    "start": 1588594548520,
    "end": 1588594548520,
    "duration": 0,
    "pid": 5784,
    "index": 19
  },
  {
    "name": "Require(17) node_modules/egg-security/config/config.local.js",
    "start": 1588594548521,
    "end": 1588594548522,
    "duration": 1,
    "pid": 5784,
    "index": 20
  },
  {
    "name": "Require(18) node_modules/egg-watcher/config/config.local.js",
    "start": 1588594548524,
    "end": 1588594548525,
    "duration": 1,
    "pid": 5784,
    "index": 21
  },
  {
    "name": "Require(19) node_modules/egg-view/config/config.local.js",
    "start": 1588594548529,
    "end": 1588594548529,
    "duration": 0,
    "pid": 5784,
    "index": 22
  },
  {
    "name": "Require(20) node_modules/egg/config/config.local.js",
    "start": 1588594548531,
    "end": 1588594548532,
    "duration": 1,
    "pid": 5784,
    "index": 23
  },
  {
    "name": "Load extend/application.js",
    "start": 1588594548533,
    "end": 1588594548569,
    "duration": 36,
    "pid": 5784,
    "index": 24
  },
  {
    "name": "Require(21) node_modules/egg-session/app/extend/application.js",
    "start": 1588594548534,
    "end": 1588594548535,
    "duration": 1,
    "pid": 5784,
    "index": 25
  },
  {
    "name": "Require(22) node_modules/egg-security/app/extend/application.js",
    "start": 1588594548537,
    "end": 1588594548540,
    "duration": 3,
    "pid": 5784,
    "index": 26
  },
  {
    "name": "Require(23) node_modules/egg-jsonp/app/extend/application.js",
    "start": 1588594548541,
    "end": 1588594548545,
    "duration": 4,
    "pid": 5784,
    "index": 27
  },
  {
    "name": "Require(24) node_modules/egg-logrotator/app/extend/application.js",
    "start": 1588594548550,
    "end": 1588594548553,
    "duration": 3,
    "pid": 5784,
    "index": 28
  },
  {
    "name": "Require(25) node_modules/egg-view/app/extend/application.js",
    "start": 1588594548555,
    "end": 1588594548558,
    "duration": 3,
    "pid": 5784,
    "index": 29
  },
  {
    "name": "Load extend/request.js",
    "start": 1588594548569,
    "end": 1588594548589,
    "duration": 20,
    "pid": 5784,
    "index": 30
  },
  {
    "name": "Require(26) node_modules/egg/app/extend/request.js",
    "start": 1588594548578,
    "end": 1588594548580,
    "duration": 2,
    "pid": 5784,
    "index": 31
  },
  {
    "name": "Load extend/response.js",
    "start": 1588594548589,
    "end": 1588594548611,
    "duration": 22,
    "pid": 5784,
    "index": 32
  },
  {
    "name": "Require(27) node_modules/egg/app/extend/response.js",
    "start": 1588594548598,
    "end": 1588594548601,
    "duration": 3,
    "pid": 5784,
    "index": 33
  },
  {
    "name": "Load extend/context.js",
    "start": 1588594548611,
    "end": 1588594548726,
    "duration": 115,
    "pid": 5784,
    "index": 34
  },
  {
    "name": "Require(28) node_modules/egg-security/app/extend/context.js",
    "start": 1588594548612,
    "end": 1588594548635,
    "duration": 23,
    "pid": 5784,
    "index": 35
  },
  {
    "name": "Require(29) node_modules/egg-jsonp/app/extend/context.js",
    "start": 1588594548636,
    "end": 1588594548639,
    "duration": 3,
    "pid": 5784,
    "index": 36
  },
  {
    "name": "Require(30) node_modules/egg-i18n/app/extend/context.js",
    "start": 1588594548640,
    "end": 1588594548641,
    "duration": 1,
    "pid": 5784,
    "index": 37
  },
  {
    "name": "Require(31) node_modules/egg-multipart/app/extend/context.js",
    "start": 1588594548643,
    "end": 1588594548710,
    "duration": 67,
    "pid": 5784,
    "index": 38
  },
  {
    "name": "Require(32) node_modules/egg-view/app/extend/context.js",
    "start": 1588594548712,
    "end": 1588594548714,
    "duration": 2,
    "pid": 5784,
    "index": 39
  },
  {
    "name": "Require(33) node_modules/egg/app/extend/context.js",
    "start": 1588594548716,
    "end": 1588594548717,
    "duration": 1,
    "pid": 5784,
    "index": 40
  },
  {
    "name": "Load extend/helper.js",
    "start": 1588594548726,
    "end": 1588594548783,
    "duration": 57,
    "pid": 5784,
    "index": 41
  },
  {
    "name": "Require(34) node_modules/egg-security/app/extend/helper.js",
    "start": 1588594548728,
    "end": 1588594548767,
    "duration": 39,
    "pid": 5784,
    "index": 42
  },
  {
    "name": "Require(35) node_modules/egg/app/extend/helper.js",
    "start": 1588594548774,
    "end": 1588594548774,
    "duration": 0,
    "pid": 5784,
    "index": 43
  },
  {
    "name": "Load app.js",
    "start": 1588594548784,
    "end": 1588594548921,
    "duration": 137,
    "pid": 5784,
    "index": 44
  },
  {
    "name": "Require(36) node_modules/egg-session/app.js",
    "start": 1588594548784,
    "end": 1588594548785,
    "duration": 1,
    "pid": 5784,
    "index": 45
  },
  {
    "name": "Require(37) node_modules/egg-security/app.js",
    "start": 1588594548786,
    "end": 1588594548789,
    "duration": 3,
    "pid": 5784,
    "index": 46
  },
  {
    "name": "Require(38) node_modules/egg-onerror/app.js",
    "start": 1588594548791,
    "end": 1588594548810,
    "duration": 19,
    "pid": 5784,
    "index": 47
  },
  {
    "name": "Require(39) node_modules/egg-i18n/app.js",
    "start": 1588594548811,
    "end": 1588594548847,
    "duration": 36,
    "pid": 5784,
    "index": 48
  },
  {
    "name": "Require(40) node_modules/egg-watcher/app.js",
    "start": 1588594548849,
    "end": 1588594548858,
    "duration": 9,
    "pid": 5784,
    "index": 49
  },
  {
    "name": "Require(41) node_modules/egg-schedule/app.js",
    "start": 1588594548859,
    "end": 1588594548865,
    "duration": 6,
    "pid": 5784,
    "index": 50
  },
  {
    "name": "Require(42) node_modules/egg-multipart/app.js",
    "start": 1588594548866,
    "end": 1588594548872,
    "duration": 6,
    "pid": 5784,
    "index": 51
  },
  {
    "name": "Require(43) node_modules/egg-development/app.js",
    "start": 1588594548873,
    "end": 1588594548873,
    "duration": 0,
    "pid": 5784,
    "index": 52
  },
  {
    "name": "Require(44) node_modules/egg-logrotator/app.js",
    "start": 1588594548874,
    "end": 1588594548875,
    "duration": 1,
    "pid": 5784,
    "index": 53
  },
  {
    "name": "Require(45) node_modules/egg-static/app.js",
    "start": 1588594548875,
    "end": 1588594548876,
    "duration": 1,
    "pid": 5784,
    "index": 54
  },
  {
    "name": "Require(46) node_modules/egg-mysql/app.js",
    "start": 1588594548878,
    "end": 1588594548917,
    "duration": 39,
    "pid": 5784,
    "index": 55
  },
  {
    "name": "Require(47) node_modules/egg-cors/app.js",
    "start": 1588594548917,
    "end": 1588594548918,
    "duration": 1,
    "pid": 5784,
    "index": 56
  },
  {
    "name": "Before Start in node_modules/egg-watcher/lib/init.js:15:14",
    "start": 1588594548944,
    "end": 1588594549372,
    "duration": 428,
    "pid": 5784,
    "index": 57
  },
  {
    "name": "Before Start in node_modules/egg-mysql/lib/mysql.js:20:7",
    "start": 1588594549125,
    "end": 1588594549381,
    "duration": 256,
    "pid": 5784,
    "index": 58
  },
  {
    "name": "Load Service",
    "start": 1588594549125,
    "end": 1588594549135,
    "duration": 10,
    "pid": 5784,
    "index": 59
  },
  {
    "name": "Load \"service\" to Context",
    "start": 1588594549125,
    "end": 1588594549135,
    "duration": 10,
    "pid": 5784,
    "index": 60
  },
  {
    "name": "Load Middleware",
    "start": 1588594549135,
    "end": 1588594549318,
    "duration": 183,
    "pid": 5784,
    "index": 61
  },
  {
    "name": "Load \"middlewares\" to Application",
    "start": 1588594549135,
    "end": 1588594549298,
    "duration": 163,
    "pid": 5784,
    "index": 62
  },
  {
    "name": "Load Controller",
    "start": 1588594549318,
    "end": 1588594549329,
    "duration": 11,
    "pid": 5784,
    "index": 63
  },
  {
    "name": "Load \"controller\" to Application",
    "start": 1588594549318,
    "end": 1588594549329,
    "duration": 11,
    "pid": 5784,
    "index": 64
  },
  {
    "name": "Load Router",
    "start": 1588594549329,
    "end": 1588594549336,
    "duration": 7,
    "pid": 5784,
    "index": 65
  },
  {
    "name": "Require(48) app/router.js",
    "start": 1588594549330,
    "end": 1588594549331,
    "duration": 1,
    "pid": 5784,
    "index": 66
  },
  {
    "name": "Before Start in node_modules/egg-core/lib/egg.js:303:10",
    "start": 1588594549333,
    "end": 1588594549355,
    "duration": 22,
    "pid": 5784,
    "index": 67
  }
]