[
  {
    "name": "Application Start",
    "start": 1588597058857,
    "end": 1588597059912,
    "duration": 1055,
    "pid": 14564,
    "index": 0
  },
  {
    "name": "Load Plugin",
    "start": 1588597058868,
    "end": 1588597058949,
    "duration": 81,
    "pid": 14564,
    "index": 1
  },
  {
    "name": "Load Config",
    "start": 1588597058950,
    "end": 1588597059025,
    "duration": 75,
    "pid": 14564,
    "index": 2
  },
  {
    "name": "Require(0) config/config.default.js",
    "start": 1588597058955,
    "end": 1588597058958,
    "duration": 3,
    "pid": 14564,
    "index": 3
  },
  {
    "name": "Require(1) node_modules/egg-session/config/config.default.js",
    "start": 1588597058971,
    "end": 1588597058972,
    "duration": 1,
    "pid": 14564,
    "index": 4
  },
  {
    "name": "Require(2) node_modules/egg-security/config/config.default.js",
    "start": 1588597058974,
    "end": 1588597058975,
    "duration": 1,
    "pid": 14564,
    "index": 5
  },
  {
    "name": "Require(3) node_modules/egg-jsonp/config/config.default.js",
    "start": 1588597058977,
    "end": 1588597058979,
    "duration": 2,
    "pid": 14564,
    "index": 6
  },
  {
    "name": "Require(4) node_modules/egg-onerror/config/config.default.js",
    "start": 1588597058980,
    "end": 1588597058982,
    "duration": 2,
    "pid": 14564,
    "index": 7
  },
  {
    "name": "Require(5) node_modules/egg-i18n/config/config.default.js",
    "start": 1588597058983,
    "end": 1588597058985,
    "duration": 2,
    "pid": 14564,
    "index": 8
  },
  {
    "name": "Require(6) node_modules/egg-watcher/config/config.default.js",
    "start": 1588597058986,
    "end": 1588597058987,
    "duration": 1,
    "pid": 14564,
    "index": 9
  },
  {
    "name": "Require(7) node_modules/egg-schedule/config/config.default.js",
    "start": 1588597058988,
    "end": 1588597058990,
    "duration": 2,
    "pid": 14564,
    "index": 10
  },
  {
    "name": "Require(8) node_modules/egg-multipart/config/config.default.js",
    "start": 1588597058991,
    "end": 1588597058992,
    "duration": 1,
    "pid": 14564,
    "index": 11
  },
  {
    "name": "Require(9) node_modules/egg-development/config/config.default.js",
    "start": 1588597058993,
    "end": 1588597058994,
    "duration": 1,
    "pid": 14564,
    "index": 12
  },
  {
    "name": "Require(10) node_modules/egg-logrotator/config/config.default.js",
    "start": 1588597058995,
    "end": 1588597058997,
    "duration": 2,
    "pid": 14564,
    "index": 13
  },
  {
    "name": "Require(11) node_modules/egg-static/config/config.default.js",
    "start": 1588597058998,
    "end": 1588597058999,
    "duration": 1,
    "pid": 14564,
    "index": 14
  },
  {
    "name": "Require(12) node_modules/egg-view/config/config.default.js",
    "start": 1588597059000,
    "end": 1588597059001,
    "duration": 1,
    "pid": 14564,
    "index": 15
  },
  {
    "name": "Require(13) node_modules/egg-mysql/config/config.default.js",
    "start": 1588597059002,
    "end": 1588597059004,
    "duration": 2,
    "pid": 14564,
    "index": 16
  },
  {
    "name": "Require(14) node_modules/egg-cors/config/config.default.js",
    "start": 1588597059005,
    "end": 1588597059006,
    "duration": 1,
    "pid": 14564,
    "index": 17
  },
  {
    "name": "Require(15) node_modules/egg/config/config.default.js",
    "start": 1588597059007,
    "end": 1588597059007,
    "duration": 0,
    "pid": 14564,
    "index": 18
  },
  {
    "name": "Require(16) config/config.default.js",
    "start": 1588597059012,
    "end": 1588597059012,
    "duration": 0,
    "pid": 14564,
    "index": 19
  },
  {
    "name": "Require(17) node_modules/egg-security/config/config.local.js",
    "start": 1588597059013,
    "end": 1588597059014,
    "duration": 1,
    "pid": 14564,
    "index": 20
  },
  {
    "name": "Require(18) node_modules/egg-watcher/config/config.local.js",
    "start": 1588597059017,
    "end": 1588597059017,
    "duration": 0,
    "pid": 14564,
    "index": 21
  },
  {
    "name": "Require(19) node_modules/egg-view/config/config.local.js",
    "start": 1588597059022,
    "end": 1588597059022,
    "duration": 0,
    "pid": 14564,
    "index": 22
  },
  {
    "name": "Require(20) node_modules/egg/config/config.local.js",
    "start": 1588597059024,
    "end": 1588597059025,
    "duration": 1,
    "pid": 14564,
    "index": 23
  },
  {
    "name": "Load extend/application.js",
    "start": 1588597059026,
    "end": 1588597059064,
    "duration": 38,
    "pid": 14564,
    "index": 24
  },
  {
    "name": "Require(21) node_modules/egg-session/app/extend/application.js",
    "start": 1588597059028,
    "end": 1588597059029,
    "duration": 1,
    "pid": 14564,
    "index": 25
  },
  {
    "name": "Require(22) node_modules/egg-security/app/extend/application.js",
    "start": 1588597059030,
    "end": 1588597059033,
    "duration": 3,
    "pid": 14564,
    "index": 26
  },
  {
    "name": "Require(23) node_modules/egg-jsonp/app/extend/application.js",
    "start": 1588597059034,
    "end": 1588597059038,
    "duration": 4,
    "pid": 14564,
    "index": 27
  },
  {
    "name": "Require(24) node_modules/egg-logrotator/app/extend/application.js",
    "start": 1588597059043,
    "end": 1588597059047,
    "duration": 4,
    "pid": 14564,
    "index": 28
  },
  {
    "name": "Require(25) node_modules/egg-view/app/extend/application.js",
    "start": 1588597059048,
    "end": 1588597059051,
    "duration": 3,
    "pid": 14564,
    "index": 29
  },
  {
    "name": "Load extend/request.js",
    "start": 1588597059064,
    "end": 1588597059084,
    "duration": 20,
    "pid": 14564,
    "index": 30
  },
  {
    "name": "Require(26) node_modules/egg/app/extend/request.js",
    "start": 1588597059073,
    "end": 1588597059075,
    "duration": 2,
    "pid": 14564,
    "index": 31
  },
  {
    "name": "Load extend/response.js",
    "start": 1588597059084,
    "end": 1588597059109,
    "duration": 25,
    "pid": 14564,
    "index": 32
  },
  {
    "name": "Require(27) node_modules/egg/app/extend/response.js",
    "start": 1588597059094,
    "end": 1588597059097,
    "duration": 3,
    "pid": 14564,
    "index": 33
  },
  {
    "name": "Load extend/context.js",
    "start": 1588597059109,
    "end": 1588597059249,
    "duration": 140,
    "pid": 14564,
    "index": 34
  },
  {
    "name": "Require(28) node_modules/egg-security/app/extend/context.js",
    "start": 1588597059111,
    "end": 1588597059139,
    "duration": 28,
    "pid": 14564,
    "index": 35
  },
  {
    "name": "Require(29) node_modules/egg-jsonp/app/extend/context.js",
    "start": 1588597059140,
    "end": 1588597059144,
    "duration": 4,
    "pid": 14564,
    "index": 36
  },
  {
    "name": "Require(30) node_modules/egg-i18n/app/extend/context.js",
    "start": 1588597059147,
    "end": 1588597059148,
    "duration": 1,
    "pid": 14564,
    "index": 37
  },
  {
    "name": "Require(31) node_modules/egg-multipart/app/extend/context.js",
    "start": 1588597059151,
    "end": 1588597059233,
    "duration": 82,
    "pid": 14564,
    "index": 38
  },
  {
    "name": "Require(32) node_modules/egg-view/app/extend/context.js",
    "start": 1588597059235,
    "end": 1588597059237,
    "duration": 2,
    "pid": 14564,
    "index": 39
  },
  {
    "name": "Require(33) node_modules/egg/app/extend/context.js",
    "start": 1588597059239,
    "end": 1588597059240,
    "duration": 1,
    "pid": 14564,
    "index": 40
  },
  {
    "name": "Load extend/helper.js",
    "start": 1588597059249,
    "end": 1588597059312,
    "duration": 63,
    "pid": 14564,
    "index": 41
  },
  {
    "name": "Require(34) node_modules/egg-security/app/extend/helper.js",
    "start": 1588597059251,
    "end": 1588597059294,
    "duration": 43,
    "pid": 14564,
    "index": 42
  },
  {
    "name": "Require(35) node_modules/egg/app/extend/helper.js",
    "start": 1588597059302,
    "end": 1588597059303,
    "duration": 1,
    "pid": 14564,
    "index": 43
  },
  {
    "name": "Load app.js",
    "start": 1588597059313,
    "end": 1588597059466,
    "duration": 153,
    "pid": 14564,
    "index": 44
  },
  {
    "name": "Require(36) node_modules/egg-session/app.js",
    "start": 1588597059314,
    "end": 1588597059314,
    "duration": 0,
    "pid": 14564,
    "index": 45
  },
  {
    "name": "Require(37) node_modules/egg-security/app.js",
    "start": 1588597059315,
    "end": 1588597059318,
    "duration": 3,
    "pid": 14564,
    "index": 46
  },
  {
    "name": "Require(38) node_modules/egg-onerror/app.js",
    "start": 1588597059320,
    "end": 1588597059342,
    "duration": 22,
    "pid": 14564,
    "index": 47
  },
  {
    "name": "Require(39) node_modules/egg-i18n/app.js",
    "start": 1588597059343,
    "end": 1588597059380,
    "duration": 37,
    "pid": 14564,
    "index": 48
  },
  {
    "name": "Require(40) node_modules/egg-watcher/app.js",
    "start": 1588597059381,
    "end": 1588597059389,
    "duration": 8,
    "pid": 14564,
    "index": 49
  },
  {
    "name": "Require(41) node_modules/egg-schedule/app.js",
    "start": 1588597059390,
    "end": 1588597059394,
    "duration": 4,
    "pid": 14564,
    "index": 50
  },
  {
    "name": "Require(42) node_modules/egg-multipart/app.js",
    "start": 1588597059395,
    "end": 1588597059405,
    "duration": 10,
    "pid": 14564,
    "index": 51
  },
  {
    "name": "Require(43) node_modules/egg-development/app.js",
    "start": 1588597059410,
    "end": 1588597059410,
    "duration": 0,
    "pid": 14564,
    "index": 52
  },
  {
    "name": "Require(44) node_modules/egg-logrotator/app.js",
    "start": 1588597059412,
    "end": 1588597059412,
    "duration": 0,
    "pid": 14564,
    "index": 53
  },
  {
    "name": "Require(45) node_modules/egg-static/app.js",
    "start": 1588597059413,
    "end": 1588597059414,
    "duration": 1,
    "pid": 14564,
    "index": 54
  },
  {
    "name": "Require(46) node_modules/egg-mysql/app.js",
    "start": 1588597059416,
    "end": 1588597059460,
    "duration": 44,
    "pid": 14564,
    "index": 55
  },
  {
    "name": "Require(47) node_modules/egg-cors/app.js",
    "start": 1588597059461,
    "end": 1588597059462,
    "duration": 1,
    "pid": 14564,
    "index": 56
  },
  {
    "name": "Before Start in node_modules/egg-watcher/lib/init.js:15:14",
    "start": 1588597059485,
    "end": 1588597059903,
    "duration": 418,
    "pid": 14564,
    "index": 57
  },
  {
    "name": "Before Start in node_modules/egg-mysql/lib/mysql.js:20:7",
    "start": 1588597059652,
    "end": 1588597059911,
    "duration": 259,
    "pid": 14564,
    "index": 58
  },
  {
    "name": "Load Service",
    "start": 1588597059653,
    "end": 1588597059662,
    "duration": 9,
    "pid": 14564,
    "index": 59
  },
  {
    "name": "Load \"service\" to Context",
    "start": 1588597059653,
    "end": 1588597059662,
    "duration": 9,
    "pid": 14564,
    "index": 60
  },
  {
    "name": "Load Middleware",
    "start": 1588597059662,
    "end": 1588597059844,
    "duration": 182,
    "pid": 14564,
    "index": 61
  },
  {
    "name": "Load \"middlewares\" to Application",
    "start": 1588597059662,
    "end": 1588597059826,
    "duration": 164,
    "pid": 14564,
    "index": 62
  },
  {
    "name": "Load Controller",
    "start": 1588597059844,
    "end": 1588597059858,
    "duration": 14,
    "pid": 14564,
    "index": 63
  },
  {
    "name": "Load \"controller\" to Application",
    "start": 1588597059844,
    "end": 1588597059858,
    "duration": 14,
    "pid": 14564,
    "index": 64
  },
  {
    "name": "Load Router",
    "start": 1588597059858,
    "end": 1588597059864,
    "duration": 6,
    "pid": 14564,
    "index": 65
  },
  {
    "name": "Require(48) app/router.js",
    "start": 1588597059859,
    "end": 1588597059859,
    "duration": 0,
    "pid": 14564,
    "index": 66
  },
  {
    "name": "Before Start in node_modules/egg-core/lib/egg.js:303:10",
    "start": 1588597059861,
    "end": 1588597059884,
    "duration": 23,
    "pid": 14564,
    "index": 67
  }
]