[
  {
    "name": "Application Start",
    "start": 1588596675296,
    "end": 1588596676334,
    "duration": 1038,
    "pid": 7176,
    "index": 0
  },
  {
    "name": "Load Plugin",
    "start": 1588596675305,
    "end": 1588596675367,
    "duration": 62,
    "pid": 7176,
    "index": 1
  },
  {
    "name": "Load Config",
    "start": 1588596675368,
    "end": 1588596675423,
    "duration": 55,
    "pid": 7176,
    "index": 2
  },
  {
    "name": "Require(0) config/config.default.js",
    "start": 1588596675369,
    "end": 1588596675369,
    "duration": 0,
    "pid": 7176,
    "index": 3
  },
  {
    "name": "Require(1) node_modules/egg-session/config/config.default.js",
    "start": 1588596675372,
    "end": 1588596675373,
    "duration": 1,
    "pid": 7176,
    "index": 4
  },
  {
    "name": "Require(2) node_modules/egg-security/config/config.default.js",
    "start": 1588596675374,
    "end": 1588596675375,
    "duration": 1,
    "pid": 7176,
    "index": 5
  },
  {
    "name": "Require(3) node_modules/egg-jsonp/config/config.default.js",
    "start": 1588596675377,
    "end": 1588596675378,
    "duration": 1,
    "pid": 7176,
    "index": 6
  },
  {
    "name": "Require(4) node_modules/egg-onerror/config/config.default.js",
    "start": 1588596675379,
    "end": 1588596675381,
    "duration": 2,
    "pid": 7176,
    "index": 7
  },
  {
    "name": "Require(5) node_modules/egg-i18n/config/config.default.js",
    "start": 1588596675382,
    "end": 1588596675383,
    "duration": 1,
    "pid": 7176,
    "index": 8
  },
  {
    "name": "Require(6) node_modules/egg-watcher/config/config.default.js",
    "start": 1588596675384,
    "end": 1588596675385,
    "duration": 1,
    "pid": 7176,
    "index": 9
  },
  {
    "name": "Require(7) node_modules/egg-schedule/config/config.default.js",
    "start": 1588596675386,
    "end": 1588596675387,
    "duration": 1,
    "pid": 7176,
    "index": 10
  },
  {
    "name": "Require(8) node_modules/egg-multipart/config/config.default.js",
    "start": 1588596675388,
    "end": 1588596675390,
    "duration": 2,
    "pid": 7176,
    "index": 11
  },
  {
    "name": "Require(9) node_modules/egg-development/config/config.default.js",
    "start": 1588596675391,
    "end": 1588596675393,
    "duration": 2,
    "pid": 7176,
    "index": 12
  },
  {
    "name": "Require(10) node_modules/egg-logrotator/config/config.default.js",
    "start": 1588596675394,
    "end": 1588596675395,
    "duration": 1,
    "pid": 7176,
    "index": 13
  },
  {
    "name": "Require(11) node_modules/egg-static/config/config.default.js",
    "start": 1588596675396,
    "end": 1588596675397,
    "duration": 1,
    "pid": 7176,
    "index": 14
  },
  {
    "name": "Require(12) node_modules/egg-view/config/config.default.js",
    "start": 1588596675398,
    "end": 1588596675400,
    "duration": 2,
    "pid": 7176,
    "index": 15
  },
  {
    "name": "Require(13) node_modules/egg-mysql/config/config.default.js",
    "start": 1588596675401,
    "end": 1588596675402,
    "duration": 1,
    "pid": 7176,
    "index": 16
  },
  {
    "name": "Require(14) node_modules/egg-cors/config/config.default.js",
    "start": 1588596675405,
    "end": 1588596675406,
    "duration": 1,
    "pid": 7176,
    "index": 17
  },
  {
    "name": "Require(15) node_modules/egg/config/config.default.js",
    "start": 1588596675407,
    "end": 1588596675408,
    "duration": 1,
    "pid": 7176,
    "index": 18
  },
  {
    "name": "Require(16) config/config.default.js",
    "start": 1588596675410,
    "end": 1588596675410,
    "duration": 0,
    "pid": 7176,
    "index": 19
  },
  {
    "name": "Require(17) node_modules/egg-security/config/config.local.js",
    "start": 1588596675412,
    "end": 1588596675412,
    "duration": 0,
    "pid": 7176,
    "index": 20
  },
  {
    "name": "Require(18) node_modules/egg-watcher/config/config.local.js",
    "start": 1588596675415,
    "end": 1588596675416,
    "duration": 1,
    "pid": 7176,
    "index": 21
  },
  {
    "name": "Require(19) node_modules/egg-view/config/config.local.js",
    "start": 1588596675420,
    "end": 1588596675420,
    "duration": 0,
    "pid": 7176,
    "index": 22
  },
  {
    "name": "Require(20) node_modules/egg/config/config.local.js",
    "start": 1588596675423,
    "end": 1588596675423,
    "duration": 0,
    "pid": 7176,
    "index": 23
  },
  {
    "name": "Load extend/application.js",
    "start": 1588596675424,
    "end": 1588596675463,
    "duration": 39,
    "pid": 7176,
    "index": 24
  },
  {
    "name": "Require(21) node_modules/egg-session/app/extend/application.js",
    "start": 1588596675426,
    "end": 1588596675428,
    "duration": 2,
    "pid": 7176,
    "index": 25
  },
  {
    "name": "Require(22) node_modules/egg-security/app/extend/application.js",
    "start": 1588596675429,
    "end": 1588596675433,
    "duration": 4,
    "pid": 7176,
    "index": 26
  },
  {
    "name": "Require(23) node_modules/egg-jsonp/app/extend/application.js",
    "start": 1588596675434,
    "end": 1588596675437,
    "duration": 3,
    "pid": 7176,
    "index": 27
  },
  {
    "name": "Require(24) node_modules/egg-logrotator/app/extend/application.js",
    "start": 1588596675441,
    "end": 1588596675446,
    "duration": 5,
    "pid": 7176,
    "index": 28
  },
  {
    "name": "Require(25) node_modules/egg-view/app/extend/application.js",
    "start": 1588596675447,
    "end": 1588596675451,
    "duration": 4,
    "pid": 7176,
    "index": 29
  },
  {
    "name": "Load extend/request.js",
    "start": 1588596675463,
    "end": 1588596675484,
    "duration": 21,
    "pid": 7176,
    "index": 30
  },
  {
    "name": "Require(26) node_modules/egg/app/extend/request.js",
    "start": 1588596675472,
    "end": 1588596675474,
    "duration": 2,
    "pid": 7176,
    "index": 31
  },
  {
    "name": "Load extend/response.js",
    "start": 1588596675484,
    "end": 1588596675506,
    "duration": 22,
    "pid": 7176,
    "index": 32
  },
  {
    "name": "Require(27) node_modules/egg/app/extend/response.js",
    "start": 1588596675494,
    "end": 1588596675497,
    "duration": 3,
    "pid": 7176,
    "index": 33
  },
  {
    "name": "Load extend/context.js",
    "start": 1588596675506,
    "end": 1588596675631,
    "duration": 125,
    "pid": 7176,
    "index": 34
  },
  {
    "name": "Require(28) node_modules/egg-security/app/extend/context.js",
    "start": 1588596675508,
    "end": 1588596675533,
    "duration": 25,
    "pid": 7176,
    "index": 35
  },
  {
    "name": "Require(29) node_modules/egg-jsonp/app/extend/context.js",
    "start": 1588596675534,
    "end": 1588596675537,
    "duration": 3,
    "pid": 7176,
    "index": 36
  },
  {
    "name": "Require(30) node_modules/egg-i18n/app/extend/context.js",
    "start": 1588596675538,
    "end": 1588596675539,
    "duration": 1,
    "pid": 7176,
    "index": 37
  },
  {
    "name": "Require(31) node_modules/egg-multipart/app/extend/context.js",
    "start": 1588596675542,
    "end": 1588596675614,
    "duration": 72,
    "pid": 7176,
    "index": 38
  },
  {
    "name": "Require(32) node_modules/egg-view/app/extend/context.js",
    "start": 1588596675616,
    "end": 1588596675618,
    "duration": 2,
    "pid": 7176,
    "index": 39
  },
  {
    "name": "Require(33) node_modules/egg/app/extend/context.js",
    "start": 1588596675620,
    "end": 1588596675621,
    "duration": 1,
    "pid": 7176,
    "index": 40
  },
  {
    "name": "Load extend/helper.js",
    "start": 1588596675631,
    "end": 1588596675690,
    "duration": 59,
    "pid": 7176,
    "index": 41
  },
  {
    "name": "Require(34) node_modules/egg-security/app/extend/helper.js",
    "start": 1588596675632,
    "end": 1588596675672,
    "duration": 40,
    "pid": 7176,
    "index": 42
  },
  {
    "name": "Require(35) node_modules/egg/app/extend/helper.js",
    "start": 1588596675680,
    "end": 1588596675681,
    "duration": 1,
    "pid": 7176,
    "index": 43
  },
  {
    "name": "Load app.js",
    "start": 1588596675690,
    "end": 1588596675838,
    "duration": 148,
    "pid": 7176,
    "index": 44
  },
  {
    "name": "Require(36) node_modules/egg-session/app.js",
    "start": 1588596675691,
    "end": 1588596675691,
    "duration": 0,
    "pid": 7176,
    "index": 45
  },
  {
    "name": "Require(37) node_modules/egg-security/app.js",
    "start": 1588596675693,
    "end": 1588596675696,
    "duration": 3,
    "pid": 7176,
    "index": 46
  },
  {
    "name": "Require(38) node_modules/egg-onerror/app.js",
    "start": 1588596675698,
    "end": 1588596675719,
    "duration": 21,
    "pid": 7176,
    "index": 47
  },
  {
    "name": "Require(39) node_modules/egg-i18n/app.js",
    "start": 1588596675720,
    "end": 1588596675755,
    "duration": 35,
    "pid": 7176,
    "index": 48
  },
  {
    "name": "Require(40) node_modules/egg-watcher/app.js",
    "start": 1588596675756,
    "end": 1588596675764,
    "duration": 8,
    "pid": 7176,
    "index": 49
  },
  {
    "name": "Require(41) node_modules/egg-schedule/app.js",
    "start": 1588596675765,
    "end": 1588596675772,
    "duration": 7,
    "pid": 7176,
    "index": 50
  },
  {
    "name": "Require(42) node_modules/egg-multipart/app.js",
    "start": 1588596675773,
    "end": 1588596675780,
    "duration": 7,
    "pid": 7176,
    "index": 51
  },
  {
    "name": "Require(43) node_modules/egg-development/app.js",
    "start": 1588596675781,
    "end": 1588596675782,
    "duration": 1,
    "pid": 7176,
    "index": 52
  },
  {
    "name": "Require(44) node_modules/egg-logrotator/app.js",
    "start": 1588596675782,
    "end": 1588596675783,
    "duration": 1,
    "pid": 7176,
    "index": 53
  },
  {
    "name": "Require(45) node_modules/egg-static/app.js",
    "start": 1588596675784,
    "end": 1588596675784,
    "duration": 0,
    "pid": 7176,
    "index": 54
  },
  {
    "name": "Require(46) node_modules/egg-mysql/app.js",
    "start": 1588596675786,
    "end": 1588596675833,
    "duration": 47,
    "pid": 7176,
    "index": 55
  },
  {
    "name": "Require(47) node_modules/egg-cors/app.js",
    "start": 1588596675834,
    "end": 1588596675834,
    "duration": 0,
    "pid": 7176,
    "index": 56
  },
  {
    "name": "Before Start in node_modules/egg-watcher/lib/init.js:15:14",
    "start": 1588596675862,
    "end": 1588596676326,
    "duration": 464,
    "pid": 7176,
    "index": 57
  },
  {
    "name": "Before Start in node_modules/egg-mysql/lib/mysql.js:20:7",
    "start": 1588596676062,
    "end": 1588596676334,
    "duration": 272,
    "pid": 7176,
    "index": 58
  },
  {
    "name": "Load Service",
    "start": 1588596676063,
    "end": 1588596676072,
    "duration": 9,
    "pid": 7176,
    "index": 59
  },
  {
    "name": "Load \"service\" to Context",
    "start": 1588596676063,
    "end": 1588596676072,
    "duration": 9,
    "pid": 7176,
    "index": 60
  },
  {
    "name": "Load Middleware",
    "start": 1588596676072,
    "end": 1588596676265,
    "duration": 193,
    "pid": 7176,
    "index": 61
  },
  {
    "name": "Load \"middlewares\" to Application",
    "start": 1588596676073,
    "end": 1588596676246,
    "duration": 173,
    "pid": 7176,
    "index": 62
  },
  {
    "name": "Load Controller",
    "start": 1588596676265,
    "end": 1588596676277,
    "duration": 12,
    "pid": 7176,
    "index": 63
  },
  {
    "name": "Load \"controller\" to Application",
    "start": 1588596676265,
    "end": 1588596676277,
    "duration": 12,
    "pid": 7176,
    "index": 64
  },
  {
    "name": "Load Router",
    "start": 1588596676277,
    "end": 1588596676284,
    "duration": 7,
    "pid": 7176,
    "index": 65
  },
  {
    "name": "Require(48) app/router.js",
    "start": 1588596676278,
    "end": 1588596676279,
    "duration": 1,
    "pid": 7176,
    "index": 66
  },
  {
    "name": "Before Start in node_modules/egg-core/lib/egg.js:303:10",
    "start": 1588596676281,
    "end": 1588596676308,
    "duration": 27,
    "pid": 7176,
    "index": 67
  }
]