[
  {
    "name": "Application Start",
    "start": 1588600283480,
    "end": 1588600285050,
    "duration": 1570,
    "pid": 14360,
    "index": 0
  },
  {
    "name": "Load Plugin",
    "start": 1588600283494,
    "end": 1588600283613,
    "duration": 119,
    "pid": 14360,
    "index": 1
  },
  {
    "name": "Load Config",
    "start": 1588600283613,
    "end": 1588600283711,
    "duration": 98,
    "pid": 14360,
    "index": 2
  },
  {
    "name": "Require(0) config/config.default.js",
    "start": 1588600283615,
    "end": 1588600283616,
    "duration": 1,
    "pid": 14360,
    "index": 3
  },
  {
    "name": "Require(1) node_modules/egg-session/config/config.default.js",
    "start": 1588600283620,
    "end": 1588600283627,
    "duration": 7,
    "pid": 14360,
    "index": 4
  },
  {
    "name": "Require(2) node_modules/egg-security/config/config.default.js",
    "start": 1588600283629,
    "end": 1588600283630,
    "duration": 1,
    "pid": 14360,
    "index": 5
  },
  {
    "name": "Require(3) node_modules/egg-jsonp/config/config.default.js",
    "start": 1588600283633,
    "end": 1588600283635,
    "duration": 2,
    "pid": 14360,
    "index": 6
  },
  {
    "name": "Require(4) node_modules/egg-onerror/config/config.default.js",
    "start": 1588600283637,
    "end": 1588600283638,
    "duration": 1,
    "pid": 14360,
    "index": 7
  },
  {
    "name": "Require(5) node_modules/egg-i18n/config/config.default.js",
    "start": 1588600283640,
    "end": 1588600283642,
    "duration": 2,
    "pid": 14360,
    "index": 8
  },
  {
    "name": "Require(6) node_modules/egg-watcher/config/config.default.js",
    "start": 1588600283644,
    "end": 1588600283646,
    "duration": 2,
    "pid": 14360,
    "index": 9
  },
  {
    "name": "Require(7) node_modules/egg-schedule/config/config.default.js",
    "start": 1588600283647,
    "end": 1588600283649,
    "duration": 2,
    "pid": 14360,
    "index": 10
  },
  {
    "name": "Require(8) node_modules/egg-multipart/config/config.default.js",
    "start": 1588600283651,
    "end": 1588600283652,
    "duration": 1,
    "pid": 14360,
    "index": 11
  },
  {
    "name": "Require(9) node_modules/egg-development/config/config.default.js",
    "start": 1588600283654,
    "end": 1588600283656,
    "duration": 2,
    "pid": 14360,
    "index": 12
  },
  {
    "name": "Require(10) node_modules/egg-logrotator/config/config.default.js",
    "start": 1588600283658,
    "end": 1588600283659,
    "duration": 1,
    "pid": 14360,
    "index": 13
  },
  {
    "name": "Require(11) node_modules/egg-static/config/config.default.js",
    "start": 1588600283663,
    "end": 1588600283665,
    "duration": 2,
    "pid": 14360,
    "index": 14
  },
  {
    "name": "Require(12) node_modules/egg-view/config/config.default.js",
    "start": 1588600283667,
    "end": 1588600283672,
    "duration": 5,
    "pid": 14360,
    "index": 15
  },
  {
    "name": "Require(13) node_modules/egg-mysql/config/config.default.js",
    "start": 1588600283674,
    "end": 1588600283676,
    "duration": 2,
    "pid": 14360,
    "index": 16
  },
  {
    "name": "Require(14) node_modules/egg-cors/config/config.default.js",
    "start": 1588600283677,
    "end": 1588600283679,
    "duration": 2,
    "pid": 14360,
    "index": 17
  },
  {
    "name": "Require(15) node_modules/egg/config/config.default.js",
    "start": 1588600283680,
    "end": 1588600283681,
    "duration": 1,
    "pid": 14360,
    "index": 18
  },
  {
    "name": "Require(16) config/config.default.js",
    "start": 1588600283685,
    "end": 1588600283685,
    "duration": 0,
    "pid": 14360,
    "index": 19
  },
  {
    "name": "Require(17) node_modules/egg-security/config/config.local.js",
    "start": 1588600283687,
    "end": 1588600283688,
    "duration": 1,
    "pid": 14360,
    "index": 20
  },
  {
    "name": "Require(18) node_modules/egg-watcher/config/config.local.js",
    "start": 1588600283697,
    "end": 1588600283698,
    "duration": 1,
    "pid": 14360,
    "index": 21
  },
  {
    "name": "Require(19) node_modules/egg-view/config/config.local.js",
    "start": 1588600283706,
    "end": 1588600283706,
    "duration": 0,
    "pid": 14360,
    "index": 22
  },
  {
    "name": "Require(20) node_modules/egg/config/config.local.js",
    "start": 1588600283710,
    "end": 1588600283711,
    "duration": 1,
    "pid": 14360,
    "index": 23
  },
  {
    "name": "Load extend/application.js",
    "start": 1588600283713,
    "end": 1588600283771,
    "duration": 58,
    "pid": 14360,
    "index": 24
  },
  {
    "name": "Require(21) node_modules/egg-session/app/extend/application.js",
    "start": 1588600283716,
    "end": 1588600283717,
    "duration": 1,
    "pid": 14360,
    "index": 25
  },
  {
    "name": "Require(22) node_modules/egg-security/app/extend/application.js",
    "start": 1588600283721,
    "end": 1588600283727,
    "duration": 6,
    "pid": 14360,
    "index": 26
  },
  {
    "name": "Require(23) node_modules/egg-jsonp/app/extend/application.js",
    "start": 1588600283728,
    "end": 1588600283733,
    "duration": 5,
    "pid": 14360,
    "index": 27
  },
  {
    "name": "Require(24) node_modules/egg-logrotator/app/extend/application.js",
    "start": 1588600283740,
    "end": 1588600283746,
    "duration": 6,
    "pid": 14360,
    "index": 28
  },
  {
    "name": "Require(25) node_modules/egg-view/app/extend/application.js",
    "start": 1588600283748,
    "end": 1588600283753,
    "duration": 5,
    "pid": 14360,
    "index": 29
  },
  {
    "name": "Load extend/request.js",
    "start": 1588600283771,
    "end": 1588600283807,
    "duration": 36,
    "pid": 14360,
    "index": 30
  },
  {
    "name": "Require(26) node_modules/egg/app/extend/request.js",
    "start": 1588600283789,
    "end": 1588600283791,
    "duration": 2,
    "pid": 14360,
    "index": 31
  },
  {
    "name": "Load extend/response.js",
    "start": 1588600283807,
    "end": 1588600283839,
    "duration": 32,
    "pid": 14360,
    "index": 32
  },
  {
    "name": "Require(27) node_modules/egg/app/extend/response.js",
    "start": 1588600283821,
    "end": 1588600283826,
    "duration": 5,
    "pid": 14360,
    "index": 33
  },
  {
    "name": "Load extend/context.js",
    "start": 1588600283839,
    "end": 1588600284031,
    "duration": 192,
    "pid": 14360,
    "index": 34
  },
  {
    "name": "Require(28) node_modules/egg-security/app/extend/context.js",
    "start": 1588600283842,
    "end": 1588600283877,
    "duration": 35,
    "pid": 14360,
    "index": 35
  },
  {
    "name": "Require(29) node_modules/egg-jsonp/app/extend/context.js",
    "start": 1588600283878,
    "end": 1588600283882,
    "duration": 4,
    "pid": 14360,
    "index": 36
  },
  {
    "name": "Require(30) node_modules/egg-i18n/app/extend/context.js",
    "start": 1588600283884,
    "end": 1588600283886,
    "duration": 2,
    "pid": 14360,
    "index": 37
  },
  {
    "name": "Require(31) node_modules/egg-multipart/app/extend/context.js",
    "start": 1588600283888,
    "end": 1588600284002,
    "duration": 114,
    "pid": 14360,
    "index": 38
  },
  {
    "name": "Require(32) node_modules/egg-view/app/extend/context.js",
    "start": 1588600284006,
    "end": 1588600284011,
    "duration": 5,
    "pid": 14360,
    "index": 39
  },
  {
    "name": "Require(33) node_modules/egg/app/extend/context.js",
    "start": 1588600284014,
    "end": 1588600284015,
    "duration": 1,
    "pid": 14360,
    "index": 40
  },
  {
    "name": "Load extend/helper.js",
    "start": 1588600284031,
    "end": 1588600284115,
    "duration": 84,
    "pid": 14360,
    "index": 41
  },
  {
    "name": "Require(34) node_modules/egg-security/app/extend/helper.js",
    "start": 1588600284034,
    "end": 1588600284087,
    "duration": 53,
    "pid": 14360,
    "index": 42
  },
  {
    "name": "Require(35) node_modules/egg/app/extend/helper.js",
    "start": 1588600284099,
    "end": 1588600284100,
    "duration": 1,
    "pid": 14360,
    "index": 43
  },
  {
    "name": "Load app.js",
    "start": 1588600284116,
    "end": 1588600284320,
    "duration": 204,
    "pid": 14360,
    "index": 44
  },
  {
    "name": "Require(36) node_modules/egg-session/app.js",
    "start": 1588600284117,
    "end": 1588600284118,
    "duration": 1,
    "pid": 14360,
    "index": 45
  },
  {
    "name": "Require(37) node_modules/egg-security/app.js",
    "start": 1588600284119,
    "end": 1588600284123,
    "duration": 4,
    "pid": 14360,
    "index": 46
  },
  {
    "name": "Require(38) node_modules/egg-onerror/app.js",
    "start": 1588600284126,
    "end": 1588600284160,
    "duration": 34,
    "pid": 14360,
    "index": 47
  },
  {
    "name": "Require(39) node_modules/egg-i18n/app.js",
    "start": 1588600284162,
    "end": 1588600284213,
    "duration": 51,
    "pid": 14360,
    "index": 48
  },
  {
    "name": "Require(40) node_modules/egg-watcher/app.js",
    "start": 1588600284214,
    "end": 1588600284228,
    "duration": 14,
    "pid": 14360,
    "index": 49
  },
  {
    "name": "Require(41) node_modules/egg-schedule/app.js",
    "start": 1588600284230,
    "end": 1588600284234,
    "duration": 4,
    "pid": 14360,
    "index": 50
  },
  {
    "name": "Require(42) node_modules/egg-multipart/app.js",
    "start": 1588600284235,
    "end": 1588600284245,
    "duration": 10,
    "pid": 14360,
    "index": 51
  },
  {
    "name": "Require(43) node_modules/egg-development/app.js",
    "start": 1588600284246,
    "end": 1588600284246,
    "duration": 0,
    "pid": 14360,
    "index": 52
  },
  {
    "name": "Require(44) node_modules/egg-logrotator/app.js",
    "start": 1588600284247,
    "end": 1588600284248,
    "duration": 1,
    "pid": 14360,
    "index": 53
  },
  {
    "name": "Require(45) node_modules/egg-static/app.js",
    "start": 1588600284249,
    "end": 1588600284249,
    "duration": 0,
    "pid": 14360,
    "index": 54
  },
  {
    "name": "Require(46) node_modules/egg-mysql/app.js",
    "start": 1588600284253,
    "end": 1588600284315,
    "duration": 62,
    "pid": 14360,
    "index": 55
  },
  {
    "name": "Require(47) node_modules/egg-cors/app.js",
    "start": 1588600284316,
    "end": 1588600284316,
    "duration": 0,
    "pid": 14360,
    "index": 56
  },
  {
    "name": "Before Start in node_modules/egg-watcher/lib/init.js:15:14",
    "start": 1588600284348,
    "end": 1588600285016,
    "duration": 668,
    "pid": 14360,
    "index": 57
  },
  {
    "name": "Before Start in node_modules/egg-mysql/lib/mysql.js:20:7",
    "start": 1588600284582,
    "end": 1588600285050,
    "duration": 468,
    "pid": 14360,
    "index": 58
  },
  {
    "name": "Load Service",
    "start": 1588600284582,
    "end": 1588600284599,
    "duration": 17,
    "pid": 14360,
    "index": 59
  },
  {
    "name": "Load \"service\" to Context",
    "start": 1588600284582,
    "end": 1588600284599,
    "duration": 17,
    "pid": 14360,
    "index": 60
  },
  {
    "name": "Load Middleware",
    "start": 1588600284599,
    "end": 1588600284861,
    "duration": 262,
    "pid": 14360,
    "index": 61
  },
  {
    "name": "Load \"middlewares\" to Application",
    "start": 1588600284600,
    "end": 1588600284835,
    "duration": 235,
    "pid": 14360,
    "index": 62
  },
  {
    "name": "Load Controller",
    "start": 1588600284861,
    "end": 1588600284882,
    "duration": 21,
    "pid": 14360,
    "index": 63
  },
  {
    "name": "Load \"controller\" to Application",
    "start": 1588600284861,
    "end": 1588600284882,
    "duration": 21,
    "pid": 14360,
    "index": 64
  },
  {
    "name": "Load Router",
    "start": 1588600284882,
    "end": 1588600284894,
    "duration": 12,
    "pid": 14360,
    "index": 65
  },
  {
    "name": "Require(48) app/router.js",
    "start": 1588600284884,
    "end": 1588600284885,
    "duration": 1,
    "pid": 14360,
    "index": 66
  },
  {
    "name": "Before Start in node_modules/egg-core/lib/egg.js:303:10",
    "start": 1588600284889,
    "end": 1588600284978,
    "duration": 89,
    "pid": 14360,
    "index": 67
  }
]