[
  {
    "name": "Application Start",
    "start": 1588592263263,
    "end": 1588592269437,
    "duration": 6174,
    "pid": 16552,
    "index": 0
  },
  {
    "name": "Load Plugin",
    "start": 1588592263279,
    "end": 1588592263421,
    "duration": 142,
    "pid": 16552,
    "index": 1
  },
  {
    "name": "Load Config",
    "start": 1588592263421,
    "end": 1588592263526,
    "duration": 105,
    "pid": 16552,
    "index": 2
  },
  {
    "name": "Require(0) config/config.default.js",
    "start": 1588592263423,
    "end": 1588592263424,
    "duration": 1,
    "pid": 16552,
    "index": 3
  },
  {
    "name": "Require(1) node_modules/egg-session/config/config.default.js",
    "start": 1588592263437,
    "end": 1588592263438,
    "duration": 1,
    "pid": 16552,
    "index": 4
  },
  {
    "name": "Require(2) node_modules/egg-security/config/config.default.js",
    "start": 1588592263440,
    "end": 1588592263450,
    "duration": 10,
    "pid": 16552,
    "index": 5
  },
  {
    "name": "Require(3) node_modules/egg-jsonp/config/config.default.js",
    "start": 1588592263453,
    "end": 1588592263454,
    "duration": 1,
    "pid": 16552,
    "index": 6
  },
  {
    "name": "Require(4) node_modules/egg-onerror/config/config.default.js",
    "start": 1588592263456,
    "end": 1588592263458,
    "duration": 2,
    "pid": 16552,
    "index": 7
  },
  {
    "name": "Require(5) node_modules/egg-i18n/config/config.default.js",
    "start": 1588592263459,
    "end": 1588592263461,
    "duration": 2,
    "pid": 16552,
    "index": 8
  },
  {
    "name": "Require(6) node_modules/egg-watcher/config/config.default.js",
    "start": 1588592263463,
    "end": 1588592263465,
    "duration": 2,
    "pid": 16552,
    "index": 9
  },
  {
    "name": "Require(7) node_modules/egg-schedule/config/config.default.js",
    "start": 1588592263466,
    "end": 1588592263468,
    "duration": 2,
    "pid": 16552,
    "index": 10
  },
  {
    "name": "Require(8) node_modules/egg-multipart/config/config.default.js",
    "start": 1588592263470,
    "end": 1588592263471,
    "duration": 1,
    "pid": 16552,
    "index": 11
  },
  {
    "name": "Require(9) node_modules/egg-development/config/config.default.js",
    "start": 1588592263473,
    "end": 1588592263475,
    "duration": 2,
    "pid": 16552,
    "index": 12
  },
  {
    "name": "Require(10) node_modules/egg-logrotator/config/config.default.js",
    "start": 1588592263480,
    "end": 1588592263482,
    "duration": 2,
    "pid": 16552,
    "index": 13
  },
  {
    "name": "Require(11) node_modules/egg-static/config/config.default.js",
    "start": 1588592263484,
    "end": 1588592263485,
    "duration": 1,
    "pid": 16552,
    "index": 14
  },
  {
    "name": "Require(12) node_modules/egg-view/config/config.default.js",
    "start": 1588592263487,
    "end": 1588592263489,
    "duration": 2,
    "pid": 16552,
    "index": 15
  },
  {
    "name": "Require(13) node_modules/egg-mysql/config/config.default.js",
    "start": 1588592263490,
    "end": 1588592263492,
    "duration": 2,
    "pid": 16552,
    "index": 16
  },
  {
    "name": "Require(14) node_modules/egg-cors/config/config.default.js",
    "start": 1588592263494,
    "end": 1588592263495,
    "duration": 1,
    "pid": 16552,
    "index": 17
  },
  {
    "name": "Require(15) node_modules/egg/config/config.default.js",
    "start": 1588592263497,
    "end": 1588592263498,
    "duration": 1,
    "pid": 16552,
    "index": 18
  },
  {
    "name": "Require(16) config/config.default.js",
    "start": 1588592263505,
    "end": 1588592263505,
    "duration": 0,
    "pid": 16552,
    "index": 19
  },
  {
    "name": "Require(17) node_modules/egg-security/config/config.local.js",
    "start": 1588592263507,
    "end": 1588592263508,
    "duration": 1,
    "pid": 16552,
    "index": 20
  },
  {
    "name": "Require(18) node_modules/egg-watcher/config/config.local.js",
    "start": 1588592263513,
    "end": 1588592263513,
    "duration": 0,
    "pid": 16552,
    "index": 21
  },
  {
    "name": "Require(19) node_modules/egg-view/config/config.local.js",
    "start": 1588592263520,
    "end": 1588592263521,
    "duration": 1,
    "pid": 16552,
    "index": 22
  },
  {
    "name": "Require(20) node_modules/egg/config/config.local.js",
    "start": 1588592263525,
    "end": 1588592263526,
    "duration": 1,
    "pid": 16552,
    "index": 23
  },
  {
    "name": "Load extend/application.js",
    "start": 1588592263528,
    "end": 1588592263588,
    "duration": 60,
    "pid": 16552,
    "index": 24
  },
  {
    "name": "Require(21) node_modules/egg-session/app/extend/application.js",
    "start": 1588592263530,
    "end": 1588592263532,
    "duration": 2,
    "pid": 16552,
    "index": 25
  },
  {
    "name": "Require(22) node_modules/egg-security/app/extend/application.js",
    "start": 1588592263534,
    "end": 1588592263539,
    "duration": 5,
    "pid": 16552,
    "index": 26
  },
  {
    "name": "Require(23) node_modules/egg-jsonp/app/extend/application.js",
    "start": 1588592263540,
    "end": 1588592263548,
    "duration": 8,
    "pid": 16552,
    "index": 27
  },
  {
    "name": "Require(24) node_modules/egg-logrotator/app/extend/application.js",
    "start": 1588592263556,
    "end": 1588592263561,
    "duration": 5,
    "pid": 16552,
    "index": 28
  },
  {
    "name": "Require(25) node_modules/egg-view/app/extend/application.js",
    "start": 1588592263564,
    "end": 1588592263569,
    "duration": 5,
    "pid": 16552,
    "index": 29
  },
  {
    "name": "Load extend/request.js",
    "start": 1588592263588,
    "end": 1588592263624,
    "duration": 36,
    "pid": 16552,
    "index": 30
  },
  {
    "name": "Require(26) node_modules/egg/app/extend/request.js",
    "start": 1588592263604,
    "end": 1588592263606,
    "duration": 2,
    "pid": 16552,
    "index": 31
  },
  {
    "name": "Load extend/response.js",
    "start": 1588592263624,
    "end": 1588592263658,
    "duration": 34,
    "pid": 16552,
    "index": 32
  },
  {
    "name": "Require(27) node_modules/egg/app/extend/response.js",
    "start": 1588592263638,
    "end": 1588592263643,
    "duration": 5,
    "pid": 16552,
    "index": 33
  },
  {
    "name": "Load extend/context.js",
    "start": 1588592263658,
    "end": 1588592263938,
    "duration": 280,
    "pid": 16552,
    "index": 34
  },
  {
    "name": "Require(28) node_modules/egg-security/app/extend/context.js",
    "start": 1588592263661,
    "end": 1588592263698,
    "duration": 37,
    "pid": 16552,
    "index": 35
  },
  {
    "name": "Require(29) node_modules/egg-jsonp/app/extend/context.js",
    "start": 1588592263699,
    "end": 1588592263704,
    "duration": 5,
    "pid": 16552,
    "index": 36
  },
  {
    "name": "Require(30) node_modules/egg-i18n/app/extend/context.js",
    "start": 1588592263706,
    "end": 1588592263708,
    "duration": 2,
    "pid": 16552,
    "index": 37
  },
  {
    "name": "Require(31) node_modules/egg-multipart/app/extend/context.js",
    "start": 1588592263712,
    "end": 1588592263884,
    "duration": 172,
    "pid": 16552,
    "index": 38
  },
  {
    "name": "Require(32) node_modules/egg-view/app/extend/context.js",
    "start": 1588592263914,
    "end": 1588592263917,
    "duration": 3,
    "pid": 16552,
    "index": 39
  },
  {
    "name": "Require(33) node_modules/egg/app/extend/context.js",
    "start": 1588592263919,
    "end": 1588592263921,
    "duration": 2,
    "pid": 16552,
    "index": 40
  },
  {
    "name": "Load extend/helper.js",
    "start": 1588592263938,
    "end": 1588592264030,
    "duration": 92,
    "pid": 16552,
    "index": 41
  },
  {
    "name": "Require(34) node_modules/egg-security/app/extend/helper.js",
    "start": 1588592263940,
    "end": 1588592264001,
    "duration": 61,
    "pid": 16552,
    "index": 42
  },
  {
    "name": "Require(35) node_modules/egg/app/extend/helper.js",
    "start": 1588592264013,
    "end": 1588592264014,
    "duration": 1,
    "pid": 16552,
    "index": 43
  },
  {
    "name": "Load app.js",
    "start": 1588592264030,
    "end": 1588592264241,
    "duration": 211,
    "pid": 16552,
    "index": 44
  },
  {
    "name": "Require(36) node_modules/egg-session/app.js",
    "start": 1588592264031,
    "end": 1588592264032,
    "duration": 1,
    "pid": 16552,
    "index": 45
  },
  {
    "name": "Require(37) node_modules/egg-security/app.js",
    "start": 1588592264034,
    "end": 1588592264039,
    "duration": 5,
    "pid": 16552,
    "index": 46
  },
  {
    "name": "Require(38) node_modules/egg-onerror/app.js",
    "start": 1588592264042,
    "end": 1588592264074,
    "duration": 32,
    "pid": 16552,
    "index": 47
  },
  {
    "name": "Require(39) node_modules/egg-i18n/app.js",
    "start": 1588592264076,
    "end": 1588592264131,
    "duration": 55,
    "pid": 16552,
    "index": 48
  },
  {
    "name": "Require(40) node_modules/egg-watcher/app.js",
    "start": 1588592264132,
    "end": 1588592264145,
    "duration": 13,
    "pid": 16552,
    "index": 49
  },
  {
    "name": "Require(41) node_modules/egg-schedule/app.js",
    "start": 1588592264146,
    "end": 1588592264150,
    "duration": 4,
    "pid": 16552,
    "index": 50
  },
  {
    "name": "Require(42) node_modules/egg-multipart/app.js",
    "start": 1588592264151,
    "end": 1588592264161,
    "duration": 10,
    "pid": 16552,
    "index": 51
  },
  {
    "name": "Require(43) node_modules/egg-development/app.js",
    "start": 1588592264162,
    "end": 1588592264163,
    "duration": 1,
    "pid": 16552,
    "index": 52
  },
  {
    "name": "Require(44) node_modules/egg-logrotator/app.js",
    "start": 1588592264168,
    "end": 1588592264168,
    "duration": 0,
    "pid": 16552,
    "index": 53
  },
  {
    "name": "Require(45) node_modules/egg-static/app.js",
    "start": 1588592264170,
    "end": 1588592264171,
    "duration": 1,
    "pid": 16552,
    "index": 54
  },
  {
    "name": "Require(46) node_modules/egg-mysql/app.js",
    "start": 1588592264175,
    "end": 1588592264232,
    "duration": 57,
    "pid": 16552,
    "index": 55
  },
  {
    "name": "Require(47) node_modules/egg-cors/app.js",
    "start": 1588592264233,
    "end": 1588592264236,
    "duration": 3,
    "pid": 16552,
    "index": 56
  },
  {
    "name": "Before Start in node_modules/egg-watcher/lib/init.js:15:14",
    "start": 1588592264302,
    "end": 1588592265139,
    "duration": 837,
    "pid": 16552,
    "index": 57
  },
  {
    "name": "Before Start in node_modules/egg-mysql/lib/mysql.js:20:7",
    "start": 1588592264595,
    "end": 1588592269436,
    "duration": 4841,
    "pid": 16552,
    "index": 58
  },
  {
    "name": "Load Service",
    "start": 1588592264596,
    "end": 1588592264620,
    "duration": 24,
    "pid": 16552,
    "index": 59
  },
  {
    "name": "Load \"service\" to Context",
    "start": 1588592264596,
    "end": 1588592264620,
    "duration": 24,
    "pid": 16552,
    "index": 60
  },
  {
    "name": "Load Middleware",
    "start": 1588592264621,
    "end": 1588592264944,
    "duration": 323,
    "pid": 16552,
    "index": 61
  },
  {
    "name": "Load \"middlewares\" to Application",
    "start": 1588592264621,
    "end": 1588592264911,
    "duration": 290,
    "pid": 16552,
    "index": 62
  },
  {
    "name": "Load Controller",
    "start": 1588592264944,
    "end": 1588592264972,
    "duration": 28,
    "pid": 16552,
    "index": 63
  },
  {
    "name": "Load \"controller\" to Application",
    "start": 1588592264945,
    "end": 1588592264972,
    "duration": 27,
    "pid": 16552,
    "index": 64
  },
  {
    "name": "Load Router",
    "start": 1588592264972,
    "end": 1588592264983,
    "duration": 11,
    "pid": 16552,
    "index": 65
  },
  {
    "name": "Require(48) app/router.js",
    "start": 1588592264974,
    "end": 1588592264974,
    "duration": 0,
    "pid": 16552,
    "index": 66
  },
  {
    "name": "Before Start in node_modules/egg-core/lib/egg.js:303:10",
    "start": 1588592264978,
    "end": 1588592265061,
    "duration": 83,
    "pid": 16552,
    "index": 67
  }
]