[
  {
    "name": "Application Start",
    "start": 1588596292903,
    "end": 1588596293975,
    "duration": 1072,
    "pid": 14804,
    "index": 0
  },
  {
    "name": "Load Plugin",
    "start": 1588596292913,
    "end": 1588596292987,
    "duration": 74,
    "pid": 14804,
    "index": 1
  },
  {
    "name": "Load Config",
    "start": 1588596292987,
    "end": 1588596293043,
    "duration": 56,
    "pid": 14804,
    "index": 2
  },
  {
    "name": "Require(0) config/config.default.js",
    "start": 1588596292989,
    "end": 1588596292989,
    "duration": 0,
    "pid": 14804,
    "index": 3
  },
  {
    "name": "Require(1) node_modules/egg-session/config/config.default.js",
    "start": 1588596292992,
    "end": 1588596292993,
    "duration": 1,
    "pid": 14804,
    "index": 4
  },
  {
    "name": "Require(2) node_modules/egg-security/config/config.default.js",
    "start": 1588596292994,
    "end": 1588596292995,
    "duration": 1,
    "pid": 14804,
    "index": 5
  },
  {
    "name": "Require(3) node_modules/egg-jsonp/config/config.default.js",
    "start": 1588596292997,
    "end": 1588596292998,
    "duration": 1,
    "pid": 14804,
    "index": 6
  },
  {
    "name": "Require(4) node_modules/egg-onerror/config/config.default.js",
    "start": 1588596292999,
    "end": 1588596293000,
    "duration": 1,
    "pid": 14804,
    "index": 7
  },
  {
    "name": "Require(5) node_modules/egg-i18n/config/config.default.js",
    "start": 1588596293001,
    "end": 1588596293002,
    "duration": 1,
    "pid": 14804,
    "index": 8
  },
  {
    "name": "Require(6) node_modules/egg-watcher/config/config.default.js",
    "start": 1588596293004,
    "end": 1588596293006,
    "duration": 2,
    "pid": 14804,
    "index": 9
  },
  {
    "name": "Require(7) node_modules/egg-schedule/config/config.default.js",
    "start": 1588596293007,
    "end": 1588596293008,
    "duration": 1,
    "pid": 14804,
    "index": 10
  },
  {
    "name": "Require(8) node_modules/egg-multipart/config/config.default.js",
    "start": 1588596293009,
    "end": 1588596293010,
    "duration": 1,
    "pid": 14804,
    "index": 11
  },
  {
    "name": "Require(9) node_modules/egg-development/config/config.default.js",
    "start": 1588596293011,
    "end": 1588596293013,
    "duration": 2,
    "pid": 14804,
    "index": 12
  },
  {
    "name": "Require(10) node_modules/egg-logrotator/config/config.default.js",
    "start": 1588596293014,
    "end": 1588596293015,
    "duration": 1,
    "pid": 14804,
    "index": 13
  },
  {
    "name": "Require(11) node_modules/egg-static/config/config.default.js",
    "start": 1588596293016,
    "end": 1588596293017,
    "duration": 1,
    "pid": 14804,
    "index": 14
  },
  {
    "name": "Require(12) node_modules/egg-view/config/config.default.js",
    "start": 1588596293018,
    "end": 1588596293022,
    "duration": 4,
    "pid": 14804,
    "index": 15
  },
  {
    "name": "Require(13) node_modules/egg-mysql/config/config.default.js",
    "start": 1588596293023,
    "end": 1588596293024,
    "duration": 1,
    "pid": 14804,
    "index": 16
  },
  {
    "name": "Require(14) node_modules/egg-cors/config/config.default.js",
    "start": 1588596293025,
    "end": 1588596293026,
    "duration": 1,
    "pid": 14804,
    "index": 17
  },
  {
    "name": "Require(15) node_modules/egg/config/config.default.js",
    "start": 1588596293027,
    "end": 1588596293028,
    "duration": 1,
    "pid": 14804,
    "index": 18
  },
  {
    "name": "Require(16) config/config.default.js",
    "start": 1588596293029,
    "end": 1588596293029,
    "duration": 0,
    "pid": 14804,
    "index": 19
  },
  {
    "name": "Require(17) node_modules/egg-security/config/config.local.js",
    "start": 1588596293031,
    "end": 1588596293031,
    "duration": 0,
    "pid": 14804,
    "index": 20
  },
  {
    "name": "Require(18) node_modules/egg-watcher/config/config.local.js",
    "start": 1588596293034,
    "end": 1588596293035,
    "duration": 1,
    "pid": 14804,
    "index": 21
  },
  {
    "name": "Require(19) node_modules/egg-view/config/config.local.js",
    "start": 1588596293040,
    "end": 1588596293040,
    "duration": 0,
    "pid": 14804,
    "index": 22
  },
  {
    "name": "Require(20) node_modules/egg/config/config.local.js",
    "start": 1588596293043,
    "end": 1588596293043,
    "duration": 0,
    "pid": 14804,
    "index": 23
  },
  {
    "name": "Load extend/application.js",
    "start": 1588596293044,
    "end": 1588596293081,
    "duration": 37,
    "pid": 14804,
    "index": 24
  },
  {
    "name": "Require(21) node_modules/egg-session/app/extend/application.js",
    "start": 1588596293046,
    "end": 1588596293047,
    "duration": 1,
    "pid": 14804,
    "index": 25
  },
  {
    "name": "Require(22) node_modules/egg-security/app/extend/application.js",
    "start": 1588596293048,
    "end": 1588596293051,
    "duration": 3,
    "pid": 14804,
    "index": 26
  },
  {
    "name": "Require(23) node_modules/egg-jsonp/app/extend/application.js",
    "start": 1588596293052,
    "end": 1588596293056,
    "duration": 4,
    "pid": 14804,
    "index": 27
  },
  {
    "name": "Require(24) node_modules/egg-logrotator/app/extend/application.js",
    "start": 1588596293061,
    "end": 1588596293065,
    "duration": 4,
    "pid": 14804,
    "index": 28
  },
  {
    "name": "Require(25) node_modules/egg-view/app/extend/application.js",
    "start": 1588596293066,
    "end": 1588596293070,
    "duration": 4,
    "pid": 14804,
    "index": 29
  },
  {
    "name": "Load extend/request.js",
    "start": 1588596293082,
    "end": 1588596293102,
    "duration": 20,
    "pid": 14804,
    "index": 30
  },
  {
    "name": "Require(26) node_modules/egg/app/extend/request.js",
    "start": 1588596293091,
    "end": 1588596293093,
    "duration": 2,
    "pid": 14804,
    "index": 31
  },
  {
    "name": "Load extend/response.js",
    "start": 1588596293102,
    "end": 1588596293128,
    "duration": 26,
    "pid": 14804,
    "index": 32
  },
  {
    "name": "Require(27) node_modules/egg/app/extend/response.js",
    "start": 1588596293114,
    "end": 1588596293118,
    "duration": 4,
    "pid": 14804,
    "index": 33
  },
  {
    "name": "Load extend/context.js",
    "start": 1588596293128,
    "end": 1588596293250,
    "duration": 122,
    "pid": 14804,
    "index": 34
  },
  {
    "name": "Require(28) node_modules/egg-security/app/extend/context.js",
    "start": 1588596293129,
    "end": 1588596293153,
    "duration": 24,
    "pid": 14804,
    "index": 35
  },
  {
    "name": "Require(29) node_modules/egg-jsonp/app/extend/context.js",
    "start": 1588596293154,
    "end": 1588596293158,
    "duration": 4,
    "pid": 14804,
    "index": 36
  },
  {
    "name": "Require(30) node_modules/egg-i18n/app/extend/context.js",
    "start": 1588596293159,
    "end": 1588596293160,
    "duration": 1,
    "pid": 14804,
    "index": 37
  },
  {
    "name": "Require(31) node_modules/egg-multipart/app/extend/context.js",
    "start": 1588596293163,
    "end": 1588596293233,
    "duration": 70,
    "pid": 14804,
    "index": 38
  },
  {
    "name": "Require(32) node_modules/egg-view/app/extend/context.js",
    "start": 1588596293235,
    "end": 1588596293238,
    "duration": 3,
    "pid": 14804,
    "index": 39
  },
  {
    "name": "Require(33) node_modules/egg/app/extend/context.js",
    "start": 1588596293240,
    "end": 1588596293241,
    "duration": 1,
    "pid": 14804,
    "index": 40
  },
  {
    "name": "Load extend/helper.js",
    "start": 1588596293251,
    "end": 1588596293312,
    "duration": 61,
    "pid": 14804,
    "index": 41
  },
  {
    "name": "Require(34) node_modules/egg-security/app/extend/helper.js",
    "start": 1588596293252,
    "end": 1588596293292,
    "duration": 40,
    "pid": 14804,
    "index": 42
  },
  {
    "name": "Require(35) node_modules/egg/app/extend/helper.js",
    "start": 1588596293300,
    "end": 1588596293301,
    "duration": 1,
    "pid": 14804,
    "index": 43
  },
  {
    "name": "Load app.js",
    "start": 1588596293313,
    "end": 1588596293494,
    "duration": 181,
    "pid": 14804,
    "index": 44
  },
  {
    "name": "Require(36) node_modules/egg-session/app.js",
    "start": 1588596293313,
    "end": 1588596293314,
    "duration": 1,
    "pid": 14804,
    "index": 45
  },
  {
    "name": "Require(37) node_modules/egg-security/app.js",
    "start": 1588596293315,
    "end": 1588596293318,
    "duration": 3,
    "pid": 14804,
    "index": 46
  },
  {
    "name": "Require(38) node_modules/egg-onerror/app.js",
    "start": 1588596293319,
    "end": 1588596293341,
    "duration": 22,
    "pid": 14804,
    "index": 47
  },
  {
    "name": "Require(39) node_modules/egg-i18n/app.js",
    "start": 1588596293342,
    "end": 1588596293386,
    "duration": 44,
    "pid": 14804,
    "index": 48
  },
  {
    "name": "Require(40) node_modules/egg-watcher/app.js",
    "start": 1588596293389,
    "end": 1588596293411,
    "duration": 22,
    "pid": 14804,
    "index": 49
  },
  {
    "name": "Require(41) node_modules/egg-schedule/app.js",
    "start": 1588596293412,
    "end": 1588596293417,
    "duration": 5,
    "pid": 14804,
    "index": 50
  },
  {
    "name": "Require(42) node_modules/egg-multipart/app.js",
    "start": 1588596293418,
    "end": 1588596293430,
    "duration": 12,
    "pid": 14804,
    "index": 51
  },
  {
    "name": "Require(43) node_modules/egg-development/app.js",
    "start": 1588596293431,
    "end": 1588596293432,
    "duration": 1,
    "pid": 14804,
    "index": 52
  },
  {
    "name": "Require(44) node_modules/egg-logrotator/app.js",
    "start": 1588596293433,
    "end": 1588596293434,
    "duration": 1,
    "pid": 14804,
    "index": 53
  },
  {
    "name": "Require(45) node_modules/egg-static/app.js",
    "start": 1588596293436,
    "end": 1588596293437,
    "duration": 1,
    "pid": 14804,
    "index": 54
  },
  {
    "name": "Require(46) node_modules/egg-mysql/app.js",
    "start": 1588596293441,
    "end": 1588596293490,
    "duration": 49,
    "pid": 14804,
    "index": 55
  },
  {
    "name": "Require(47) node_modules/egg-cors/app.js",
    "start": 1588596293491,
    "end": 1588596293491,
    "duration": 0,
    "pid": 14804,
    "index": 56
  },
  {
    "name": "Before Start in node_modules/egg-watcher/lib/init.js:15:14",
    "start": 1588596293513,
    "end": 1588596293963,
    "duration": 450,
    "pid": 14804,
    "index": 57
  },
  {
    "name": "Before Start in node_modules/egg-mysql/lib/mysql.js:20:7",
    "start": 1588596293685,
    "end": 1588596293974,
    "duration": 289,
    "pid": 14804,
    "index": 58
  },
  {
    "name": "Load Service",
    "start": 1588596293686,
    "end": 1588596293700,
    "duration": 14,
    "pid": 14804,
    "index": 59
  },
  {
    "name": "Load \"service\" to Context",
    "start": 1588596293686,
    "end": 1588596293700,
    "duration": 14,
    "pid": 14804,
    "index": 60
  },
  {
    "name": "Load Middleware",
    "start": 1588596293700,
    "end": 1588596293892,
    "duration": 192,
    "pid": 14804,
    "index": 61
  },
  {
    "name": "Load \"middlewares\" to Application",
    "start": 1588596293700,
    "end": 1588596293873,
    "duration": 173,
    "pid": 14804,
    "index": 62
  },
  {
    "name": "Load Controller",
    "start": 1588596293892,
    "end": 1588596293906,
    "duration": 14,
    "pid": 14804,
    "index": 63
  },
  {
    "name": "Load \"controller\" to Application",
    "start": 1588596293892,
    "end": 1588596293906,
    "duration": 14,
    "pid": 14804,
    "index": 64
  },
  {
    "name": "Load Router",
    "start": 1588596293906,
    "end": 1588596293912,
    "duration": 6,
    "pid": 14804,
    "index": 65
  },
  {
    "name": "Require(48) app/router.js",
    "start": 1588596293907,
    "end": 1588596293908,
    "duration": 1,
    "pid": 14804,
    "index": 66
  },
  {
    "name": "Before Start in node_modules/egg-core/lib/egg.js:303:10",
    "start": 1588596293909,
    "end": 1588596293934,
    "duration": 25,
    "pid": 14804,
    "index": 67
  }
]