[
  {
    "name": "Application Start",
    "start": 1588596277914,
    "end": 1588596279918,
    "duration": 2004,
    "pid": 7936,
    "index": 0
  },
  {
    "name": "Load Plugin",
    "start": 1588596277929,
    "end": 1588596278058,
    "duration": 129,
    "pid": 7936,
    "index": 1
  },
  {
    "name": "Load Config",
    "start": 1588596278059,
    "end": 1588596278173,
    "duration": 114,
    "pid": 7936,
    "index": 2
  },
  {
    "name": "Require(0) config/config.default.js",
    "start": 1588596278061,
    "end": 1588596278061,
    "duration": 0,
    "pid": 7936,
    "index": 3
  },
  {
    "name": "Require(1) node_modules/egg-session/config/config.default.js",
    "start": 1588596278065,
    "end": 1588596278067,
    "duration": 2,
    "pid": 7936,
    "index": 4
  },
  {
    "name": "Require(2) node_modules/egg-security/config/config.default.js",
    "start": 1588596278069,
    "end": 1588596278070,
    "duration": 1,
    "pid": 7936,
    "index": 5
  },
  {
    "name": "Require(3) node_modules/egg-jsonp/config/config.default.js",
    "start": 1588596278073,
    "end": 1588596278079,
    "duration": 6,
    "pid": 7936,
    "index": 6
  },
  {
    "name": "Require(4) node_modules/egg-onerror/config/config.default.js",
    "start": 1588596278097,
    "end": 1588596278101,
    "duration": 4,
    "pid": 7936,
    "index": 7
  },
  {
    "name": "Require(5) node_modules/egg-i18n/config/config.default.js",
    "start": 1588596278103,
    "end": 1588596278105,
    "duration": 2,
    "pid": 7936,
    "index": 8
  },
  {
    "name": "Require(6) node_modules/egg-watcher/config/config.default.js",
    "start": 1588596278108,
    "end": 1588596278110,
    "duration": 2,
    "pid": 7936,
    "index": 9
  },
  {
    "name": "Require(7) node_modules/egg-schedule/config/config.default.js",
    "start": 1588596278111,
    "end": 1588596278113,
    "duration": 2,
    "pid": 7936,
    "index": 10
  },
  {
    "name": "Require(8) node_modules/egg-multipart/config/config.default.js",
    "start": 1588596278114,
    "end": 1588596278116,
    "duration": 2,
    "pid": 7936,
    "index": 11
  },
  {
    "name": "Require(9) node_modules/egg-development/config/config.default.js",
    "start": 1588596278118,
    "end": 1588596278120,
    "duration": 2,
    "pid": 7936,
    "index": 12
  },
  {
    "name": "Require(10) node_modules/egg-logrotator/config/config.default.js",
    "start": 1588596278122,
    "end": 1588596278123,
    "duration": 1,
    "pid": 7936,
    "index": 13
  },
  {
    "name": "Require(11) node_modules/egg-static/config/config.default.js",
    "start": 1588596278126,
    "end": 1588596278128,
    "duration": 2,
    "pid": 7936,
    "index": 14
  },
  {
    "name": "Require(12) node_modules/egg-view/config/config.default.js",
    "start": 1588596278129,
    "end": 1588596278134,
    "duration": 5,
    "pid": 7936,
    "index": 15
  },
  {
    "name": "Require(13) node_modules/egg-mysql/config/config.default.js",
    "start": 1588596278136,
    "end": 1588596278138,
    "duration": 2,
    "pid": 7936,
    "index": 16
  },
  {
    "name": "Require(14) node_modules/egg-cors/config/config.default.js",
    "start": 1588596278140,
    "end": 1588596278144,
    "duration": 4,
    "pid": 7936,
    "index": 17
  },
  {
    "name": "Require(15) node_modules/egg/config/config.default.js",
    "start": 1588596278145,
    "end": 1588596278147,
    "duration": 2,
    "pid": 7936,
    "index": 18
  },
  {
    "name": "Require(16) config/config.default.js",
    "start": 1588596278150,
    "end": 1588596278150,
    "duration": 0,
    "pid": 7936,
    "index": 19
  },
  {
    "name": "Require(17) node_modules/egg-security/config/config.local.js",
    "start": 1588596278153,
    "end": 1588596278154,
    "duration": 1,
    "pid": 7936,
    "index": 20
  },
  {
    "name": "Require(18) node_modules/egg-watcher/config/config.local.js",
    "start": 1588596278160,
    "end": 1588596278161,
    "duration": 1,
    "pid": 7936,
    "index": 21
  },
  {
    "name": "Require(19) node_modules/egg-view/config/config.local.js",
    "start": 1588596278168,
    "end": 1588596278169,
    "duration": 1,
    "pid": 7936,
    "index": 22
  },
  {
    "name": "Require(20) node_modules/egg/config/config.local.js",
    "start": 1588596278172,
    "end": 1588596278173,
    "duration": 1,
    "pid": 7936,
    "index": 23
  },
  {
    "name": "Load extend/application.js",
    "start": 1588596278175,
    "end": 1588596278239,
    "duration": 64,
    "pid": 7936,
    "index": 24
  },
  {
    "name": "Require(21) node_modules/egg-session/app/extend/application.js",
    "start": 1588596278178,
    "end": 1588596278179,
    "duration": 1,
    "pid": 7936,
    "index": 25
  },
  {
    "name": "Require(22) node_modules/egg-security/app/extend/application.js",
    "start": 1588596278181,
    "end": 1588596278186,
    "duration": 5,
    "pid": 7936,
    "index": 26
  },
  {
    "name": "Require(23) node_modules/egg-jsonp/app/extend/application.js",
    "start": 1588596278188,
    "end": 1588596278193,
    "duration": 5,
    "pid": 7936,
    "index": 27
  },
  {
    "name": "Require(24) node_modules/egg-logrotator/app/extend/application.js",
    "start": 1588596278201,
    "end": 1588596278209,
    "duration": 8,
    "pid": 7936,
    "index": 28
  },
  {
    "name": "Require(25) node_modules/egg-view/app/extend/application.js",
    "start": 1588596278211,
    "end": 1588596278218,
    "duration": 7,
    "pid": 7936,
    "index": 29
  },
  {
    "name": "Load extend/request.js",
    "start": 1588596278239,
    "end": 1588596278273,
    "duration": 34,
    "pid": 7936,
    "index": 30
  },
  {
    "name": "Require(26) node_modules/egg/app/extend/request.js",
    "start": 1588596278255,
    "end": 1588596278257,
    "duration": 2,
    "pid": 7936,
    "index": 31
  },
  {
    "name": "Load extend/response.js",
    "start": 1588596278273,
    "end": 1588596278349,
    "duration": 76,
    "pid": 7936,
    "index": 32
  },
  {
    "name": "Require(27) node_modules/egg/app/extend/response.js",
    "start": 1588596278312,
    "end": 1588596278317,
    "duration": 5,
    "pid": 7936,
    "index": 33
  },
  {
    "name": "Load extend/context.js",
    "start": 1588596278349,
    "end": 1588596278642,
    "duration": 293,
    "pid": 7936,
    "index": 34
  },
  {
    "name": "Require(28) node_modules/egg-security/app/extend/context.js",
    "start": 1588596278352,
    "end": 1588596278406,
    "duration": 54,
    "pid": 7936,
    "index": 35
  },
  {
    "name": "Require(29) node_modules/egg-jsonp/app/extend/context.js",
    "start": 1588596278407,
    "end": 1588596278412,
    "duration": 5,
    "pid": 7936,
    "index": 36
  },
  {
    "name": "Require(30) node_modules/egg-i18n/app/extend/context.js",
    "start": 1588596278414,
    "end": 1588596278420,
    "duration": 6,
    "pid": 7936,
    "index": 37
  },
  {
    "name": "Require(31) node_modules/egg-multipart/app/extend/context.js",
    "start": 1588596278426,
    "end": 1588596278614,
    "duration": 188,
    "pid": 7936,
    "index": 38
  },
  {
    "name": "Require(32) node_modules/egg-view/app/extend/context.js",
    "start": 1588596278617,
    "end": 1588596278620,
    "duration": 3,
    "pid": 7936,
    "index": 39
  },
  {
    "name": "Require(33) node_modules/egg/app/extend/context.js",
    "start": 1588596278623,
    "end": 1588596278625,
    "duration": 2,
    "pid": 7936,
    "index": 40
  },
  {
    "name": "Load extend/helper.js",
    "start": 1588596278642,
    "end": 1588596278750,
    "duration": 108,
    "pid": 7936,
    "index": 41
  },
  {
    "name": "Require(34) node_modules/egg-security/app/extend/helper.js",
    "start": 1588596278644,
    "end": 1588596278716,
    "duration": 72,
    "pid": 7936,
    "index": 42
  },
  {
    "name": "Require(35) node_modules/egg/app/extend/helper.js",
    "start": 1588596278728,
    "end": 1588596278729,
    "duration": 1,
    "pid": 7936,
    "index": 43
  },
  {
    "name": "Load app.js",
    "start": 1588596278751,
    "end": 1588596278984,
    "duration": 233,
    "pid": 7936,
    "index": 44
  },
  {
    "name": "Require(36) node_modules/egg-session/app.js",
    "start": 1588596278752,
    "end": 1588596278753,
    "duration": 1,
    "pid": 7936,
    "index": 45
  },
  {
    "name": "Require(37) node_modules/egg-security/app.js",
    "start": 1588596278754,
    "end": 1588596278759,
    "duration": 5,
    "pid": 7936,
    "index": 46
  },
  {
    "name": "Require(38) node_modules/egg-onerror/app.js",
    "start": 1588596278762,
    "end": 1588596278792,
    "duration": 30,
    "pid": 7936,
    "index": 47
  },
  {
    "name": "Require(39) node_modules/egg-i18n/app.js",
    "start": 1588596278793,
    "end": 1588596278852,
    "duration": 59,
    "pid": 7936,
    "index": 48
  },
  {
    "name": "Require(40) node_modules/egg-watcher/app.js",
    "start": 1588596278854,
    "end": 1588596278874,
    "duration": 20,
    "pid": 7936,
    "index": 49
  },
  {
    "name": "Require(41) node_modules/egg-schedule/app.js",
    "start": 1588596278875,
    "end": 1588596278880,
    "duration": 5,
    "pid": 7936,
    "index": 50
  },
  {
    "name": "Require(42) node_modules/egg-multipart/app.js",
    "start": 1588596278881,
    "end": 1588596278892,
    "duration": 11,
    "pid": 7936,
    "index": 51
  },
  {
    "name": "Require(43) node_modules/egg-development/app.js",
    "start": 1588596278893,
    "end": 1588596278894,
    "duration": 1,
    "pid": 7936,
    "index": 52
  },
  {
    "name": "Require(44) node_modules/egg-logrotator/app.js",
    "start": 1588596278895,
    "end": 1588596278896,
    "duration": 1,
    "pid": 7936,
    "index": 53
  },
  {
    "name": "Require(45) node_modules/egg-static/app.js",
    "start": 1588596278897,
    "end": 1588596278898,
    "duration": 1,
    "pid": 7936,
    "index": 54
  },
  {
    "name": "Require(46) node_modules/egg-mysql/app.js",
    "start": 1588596278901,
    "end": 1588596278972,
    "duration": 71,
    "pid": 7936,
    "index": 55
  },
  {
    "name": "Require(47) node_modules/egg-cors/app.js",
    "start": 1588596278973,
    "end": 1588596278974,
    "duration": 1,
    "pid": 7936,
    "index": 56
  },
  {
    "name": "Before Start in node_modules/egg-watcher/lib/init.js:15:14",
    "start": 1588596279025,
    "end": 1588596279853,
    "duration": 828,
    "pid": 7936,
    "index": 57
  },
  {
    "name": "Before Start in node_modules/egg-mysql/lib/mysql.js:20:7",
    "start": 1588596279332,
    "end": 1588596279917,
    "duration": 585,
    "pid": 7936,
    "index": 58
  },
  {
    "name": "Load Service",
    "start": 1588596279332,
    "end": 1588596279349,
    "duration": 17,
    "pid": 7936,
    "index": 59
  },
  {
    "name": "Load \"service\" to Context",
    "start": 1588596279332,
    "end": 1588596279349,
    "duration": 17,
    "pid": 7936,
    "index": 60
  },
  {
    "name": "Load Middleware",
    "start": 1588596279349,
    "end": 1588596279679,
    "duration": 330,
    "pid": 7936,
    "index": 61
  },
  {
    "name": "Load \"middlewares\" to Application",
    "start": 1588596279350,
    "end": 1588596279640,
    "duration": 290,
    "pid": 7936,
    "index": 62
  },
  {
    "name": "Load Controller",
    "start": 1588596279679,
    "end": 1588596279724,
    "duration": 45,
    "pid": 7936,
    "index": 63
  },
  {
    "name": "Load \"controller\" to Application",
    "start": 1588596279679,
    "end": 1588596279724,
    "duration": 45,
    "pid": 7936,
    "index": 64
  },
  {
    "name": "Load Router",
    "start": 1588596279725,
    "end": 1588596279745,
    "duration": 20,
    "pid": 7936,
    "index": 65
  },
  {
    "name": "Require(48) app/router.js",
    "start": 1588596279732,
    "end": 1588596279736,
    "duration": 4,
    "pid": 7936,
    "index": 66
  },
  {
    "name": "Before Start in node_modules/egg-core/lib/egg.js:303:10",
    "start": 1588596279739,
    "end": 1588596279820,
    "duration": 81,
    "pid": 7936,
    "index": 67
  }
]