[
  {
    "name": "Application Start",
    "start": 1588597013967,
    "end": 1588597015268,
    "duration": 1301,
    "pid": 5028,
    "index": 0
  },
  {
    "name": "Load Plugin",
    "start": 1588597013982,
    "end": 1588597014054,
    "duration": 72,
    "pid": 5028,
    "index": 1
  },
  {
    "name": "Load Config",
    "start": 1588597014054,
    "end": 1588597014117,
    "duration": 63,
    "pid": 5028,
    "index": 2
  },
  {
    "name": "Require(0) config/config.default.js",
    "start": 1588597014056,
    "end": 1588597014056,
    "duration": 0,
    "pid": 5028,
    "index": 3
  },
  {
    "name": "Require(1) node_modules/egg-session/config/config.default.js",
    "start": 1588597014059,
    "end": 1588597014061,
    "duration": 2,
    "pid": 5028,
    "index": 4
  },
  {
    "name": "Require(2) node_modules/egg-security/config/config.default.js",
    "start": 1588597014062,
    "end": 1588597014063,
    "duration": 1,
    "pid": 5028,
    "index": 5
  },
  {
    "name": "Require(3) node_modules/egg-jsonp/config/config.default.js",
    "start": 1588597014064,
    "end": 1588597014066,
    "duration": 2,
    "pid": 5028,
    "index": 6
  },
  {
    "name": "Require(4) node_modules/egg-onerror/config/config.default.js",
    "start": 1588597014067,
    "end": 1588597014068,
    "duration": 1,
    "pid": 5028,
    "index": 7
  },
  {
    "name": "Require(5) node_modules/egg-i18n/config/config.default.js",
    "start": 1588597014069,
    "end": 1588597014070,
    "duration": 1,
    "pid": 5028,
    "index": 8
  },
  {
    "name": "Require(6) node_modules/egg-watcher/config/config.default.js",
    "start": 1588597014072,
    "end": 1588597014074,
    "duration": 2,
    "pid": 5028,
    "index": 9
  },
  {
    "name": "Require(7) node_modules/egg-schedule/config/config.default.js",
    "start": 1588597014075,
    "end": 1588597014076,
    "duration": 1,
    "pid": 5028,
    "index": 10
  },
  {
    "name": "Require(8) node_modules/egg-multipart/config/config.default.js",
    "start": 1588597014077,
    "end": 1588597014078,
    "duration": 1,
    "pid": 5028,
    "index": 11
  },
  {
    "name": "Require(9) node_modules/egg-development/config/config.default.js",
    "start": 1588597014080,
    "end": 1588597014081,
    "duration": 1,
    "pid": 5028,
    "index": 12
  },
  {
    "name": "Require(10) node_modules/egg-logrotator/config/config.default.js",
    "start": 1588597014082,
    "end": 1588597014083,
    "duration": 1,
    "pid": 5028,
    "index": 13
  },
  {
    "name": "Require(11) node_modules/egg-static/config/config.default.js",
    "start": 1588597014084,
    "end": 1588597014085,
    "duration": 1,
    "pid": 5028,
    "index": 14
  },
  {
    "name": "Require(12) node_modules/egg-view/config/config.default.js",
    "start": 1588597014086,
    "end": 1588597014088,
    "duration": 2,
    "pid": 5028,
    "index": 15
  },
  {
    "name": "Require(13) node_modules/egg-mysql/config/config.default.js",
    "start": 1588597014089,
    "end": 1588597014090,
    "duration": 1,
    "pid": 5028,
    "index": 16
  },
  {
    "name": "Require(14) node_modules/egg-cors/config/config.default.js",
    "start": 1588597014094,
    "end": 1588597014096,
    "duration": 2,
    "pid": 5028,
    "index": 17
  },
  {
    "name": "Require(15) node_modules/egg/config/config.default.js",
    "start": 1588597014096,
    "end": 1588597014097,
    "duration": 1,
    "pid": 5028,
    "index": 18
  },
  {
    "name": "Require(16) config/config.default.js",
    "start": 1588597014101,
    "end": 1588597014101,
    "duration": 0,
    "pid": 5028,
    "index": 19
  },
  {
    "name": "Require(17) node_modules/egg-security/config/config.local.js",
    "start": 1588597014103,
    "end": 1588597014104,
    "duration": 1,
    "pid": 5028,
    "index": 20
  },
  {
    "name": "Require(18) node_modules/egg-watcher/config/config.local.js",
    "start": 1588597014108,
    "end": 1588597014108,
    "duration": 0,
    "pid": 5028,
    "index": 21
  },
  {
    "name": "Require(19) node_modules/egg-view/config/config.local.js",
    "start": 1588597014113,
    "end": 1588597014114,
    "duration": 1,
    "pid": 5028,
    "index": 22
  },
  {
    "name": "Require(20) node_modules/egg/config/config.local.js",
    "start": 1588597014116,
    "end": 1588597014117,
    "duration": 1,
    "pid": 5028,
    "index": 23
  },
  {
    "name": "Load extend/application.js",
    "start": 1588597014118,
    "end": 1588597014163,
    "duration": 45,
    "pid": 5028,
    "index": 24
  },
  {
    "name": "Require(21) node_modules/egg-session/app/extend/application.js",
    "start": 1588597014120,
    "end": 1588597014122,
    "duration": 2,
    "pid": 5028,
    "index": 25
  },
  {
    "name": "Require(22) node_modules/egg-security/app/extend/application.js",
    "start": 1588597014123,
    "end": 1588597014127,
    "duration": 4,
    "pid": 5028,
    "index": 26
  },
  {
    "name": "Require(23) node_modules/egg-jsonp/app/extend/application.js",
    "start": 1588597014129,
    "end": 1588597014133,
    "duration": 4,
    "pid": 5028,
    "index": 27
  },
  {
    "name": "Require(24) node_modules/egg-logrotator/app/extend/application.js",
    "start": 1588597014139,
    "end": 1588597014143,
    "duration": 4,
    "pid": 5028,
    "index": 28
  },
  {
    "name": "Require(25) node_modules/egg-view/app/extend/application.js",
    "start": 1588597014145,
    "end": 1588597014148,
    "duration": 3,
    "pid": 5028,
    "index": 29
  },
  {
    "name": "Load extend/request.js",
    "start": 1588597014163,
    "end": 1588597014192,
    "duration": 29,
    "pid": 5028,
    "index": 30
  },
  {
    "name": "Require(26) node_modules/egg/app/extend/request.js",
    "start": 1588597014177,
    "end": 1588597014179,
    "duration": 2,
    "pid": 5028,
    "index": 31
  },
  {
    "name": "Load extend/response.js",
    "start": 1588597014192,
    "end": 1588597014223,
    "duration": 31,
    "pid": 5028,
    "index": 32
  },
  {
    "name": "Require(27) node_modules/egg/app/extend/response.js",
    "start": 1588597014205,
    "end": 1588597014209,
    "duration": 4,
    "pid": 5028,
    "index": 33
  },
  {
    "name": "Load extend/context.js",
    "start": 1588597014223,
    "end": 1588597014386,
    "duration": 163,
    "pid": 5028,
    "index": 34
  },
  {
    "name": "Require(28) node_modules/egg-security/app/extend/context.js",
    "start": 1588597014226,
    "end": 1588597014257,
    "duration": 31,
    "pid": 5028,
    "index": 35
  },
  {
    "name": "Require(29) node_modules/egg-jsonp/app/extend/context.js",
    "start": 1588597014258,
    "end": 1588597014261,
    "duration": 3,
    "pid": 5028,
    "index": 36
  },
  {
    "name": "Require(30) node_modules/egg-i18n/app/extend/context.js",
    "start": 1588597014263,
    "end": 1588597014264,
    "duration": 1,
    "pid": 5028,
    "index": 37
  },
  {
    "name": "Require(31) node_modules/egg-multipart/app/extend/context.js",
    "start": 1588597014268,
    "end": 1588597014364,
    "duration": 96,
    "pid": 5028,
    "index": 38
  },
  {
    "name": "Require(32) node_modules/egg-view/app/extend/context.js",
    "start": 1588597014367,
    "end": 1588597014369,
    "duration": 2,
    "pid": 5028,
    "index": 39
  },
  {
    "name": "Require(33) node_modules/egg/app/extend/context.js",
    "start": 1588597014372,
    "end": 1588597014374,
    "duration": 2,
    "pid": 5028,
    "index": 40
  },
  {
    "name": "Load extend/helper.js",
    "start": 1588597014386,
    "end": 1588597014458,
    "duration": 72,
    "pid": 5028,
    "index": 41
  },
  {
    "name": "Require(34) node_modules/egg-security/app/extend/helper.js",
    "start": 1588597014388,
    "end": 1588597014433,
    "duration": 45,
    "pid": 5028,
    "index": 42
  },
  {
    "name": "Require(35) node_modules/egg/app/extend/helper.js",
    "start": 1588597014443,
    "end": 1588597014444,
    "duration": 1,
    "pid": 5028,
    "index": 43
  },
  {
    "name": "Load app.js",
    "start": 1588597014458,
    "end": 1588597014668,
    "duration": 210,
    "pid": 5028,
    "index": 44
  },
  {
    "name": "Require(36) node_modules/egg-session/app.js",
    "start": 1588597014459,
    "end": 1588597014460,
    "duration": 1,
    "pid": 5028,
    "index": 45
  },
  {
    "name": "Require(37) node_modules/egg-security/app.js",
    "start": 1588597014461,
    "end": 1588597014465,
    "duration": 4,
    "pid": 5028,
    "index": 46
  },
  {
    "name": "Require(38) node_modules/egg-onerror/app.js",
    "start": 1588597014468,
    "end": 1588597014499,
    "duration": 31,
    "pid": 5028,
    "index": 47
  },
  {
    "name": "Require(39) node_modules/egg-i18n/app.js",
    "start": 1588597014500,
    "end": 1588597014557,
    "duration": 57,
    "pid": 5028,
    "index": 48
  },
  {
    "name": "Require(40) node_modules/egg-watcher/app.js",
    "start": 1588597014558,
    "end": 1588597014571,
    "duration": 13,
    "pid": 5028,
    "index": 49
  },
  {
    "name": "Require(41) node_modules/egg-schedule/app.js",
    "start": 1588597014572,
    "end": 1588597014582,
    "duration": 10,
    "pid": 5028,
    "index": 50
  },
  {
    "name": "Require(42) node_modules/egg-multipart/app.js",
    "start": 1588597014583,
    "end": 1588597014593,
    "duration": 10,
    "pid": 5028,
    "index": 51
  },
  {
    "name": "Require(43) node_modules/egg-development/app.js",
    "start": 1588597014594,
    "end": 1588597014595,
    "duration": 1,
    "pid": 5028,
    "index": 52
  },
  {
    "name": "Require(44) node_modules/egg-logrotator/app.js",
    "start": 1588597014596,
    "end": 1588597014597,
    "duration": 1,
    "pid": 5028,
    "index": 53
  },
  {
    "name": "Require(45) node_modules/egg-static/app.js",
    "start": 1588597014598,
    "end": 1588597014599,
    "duration": 1,
    "pid": 5028,
    "index": 54
  },
  {
    "name": "Require(46) node_modules/egg-mysql/app.js",
    "start": 1588597014601,
    "end": 1588597014663,
    "duration": 62,
    "pid": 5028,
    "index": 55
  },
  {
    "name": "Require(47) node_modules/egg-cors/app.js",
    "start": 1588597014664,
    "end": 1588597014665,
    "duration": 1,
    "pid": 5028,
    "index": 56
  },
  {
    "name": "Before Start in node_modules/egg-watcher/lib/init.js:15:14",
    "start": 1588597014693,
    "end": 1588597015257,
    "duration": 564,
    "pid": 5028,
    "index": 57
  },
  {
    "name": "Before Start in node_modules/egg-mysql/lib/mysql.js:20:7",
    "start": 1588597014917,
    "end": 1588597015268,
    "duration": 351,
    "pid": 5028,
    "index": 58
  },
  {
    "name": "Load Service",
    "start": 1588597014918,
    "end": 1588597014933,
    "duration": 15,
    "pid": 5028,
    "index": 59
  },
  {
    "name": "Load \"service\" to Context",
    "start": 1588597014918,
    "end": 1588597014933,
    "duration": 15,
    "pid": 5028,
    "index": 60
  },
  {
    "name": "Load Middleware",
    "start": 1588597014933,
    "end": 1588597015188,
    "duration": 255,
    "pid": 5028,
    "index": 61
  },
  {
    "name": "Load \"middlewares\" to Application",
    "start": 1588597014933,
    "end": 1588597015161,
    "duration": 228,
    "pid": 5028,
    "index": 62
  },
  {
    "name": "Load Controller",
    "start": 1588597015188,
    "end": 1588597015203,
    "duration": 15,
    "pid": 5028,
    "index": 63
  },
  {
    "name": "Load \"controller\" to Application",
    "start": 1588597015188,
    "end": 1588597015203,
    "duration": 15,
    "pid": 5028,
    "index": 64
  },
  {
    "name": "Load Router",
    "start": 1588597015203,
    "end": 1588597015213,
    "duration": 10,
    "pid": 5028,
    "index": 65
  },
  {
    "name": "Require(48) app/router.js",
    "start": 1588597015204,
    "end": 1588597015205,
    "duration": 1,
    "pid": 5028,
    "index": 66
  },
  {
    "name": "Before Start in node_modules/egg-core/lib/egg.js:303:10",
    "start": 1588597015208,
    "end": 1588597015237,
    "duration": 29,
    "pid": 5028,
    "index": 67
  }
]