[
  {
    "name": "Application Start",
    "start": 1588598057807,
    "end": 1588598058907,
    "duration": 1100,
    "pid": 17172,
    "index": 0
  },
  {
    "name": "Load Plugin",
    "start": 1588598057817,
    "end": 1588598057879,
    "duration": 62,
    "pid": 17172,
    "index": 1
  },
  {
    "name": "Load Config",
    "start": 1588598057879,
    "end": 1588598057934,
    "duration": 55,
    "pid": 17172,
    "index": 2
  },
  {
    "name": "Require(0) config/config.default.js",
    "start": 1588598057880,
    "end": 1588598057881,
    "duration": 1,
    "pid": 17172,
    "index": 3
  },
  {
    "name": "Require(1) node_modules/egg-session/config/config.default.js",
    "start": 1588598057883,
    "end": 1588598057884,
    "duration": 1,
    "pid": 17172,
    "index": 4
  },
  {
    "name": "Require(2) node_modules/egg-security/config/config.default.js",
    "start": 1588598057886,
    "end": 1588598057887,
    "duration": 1,
    "pid": 17172,
    "index": 5
  },
  {
    "name": "Require(3) node_modules/egg-jsonp/config/config.default.js",
    "start": 1588598057889,
    "end": 1588598057890,
    "duration": 1,
    "pid": 17172,
    "index": 6
  },
  {
    "name": "Require(4) node_modules/egg-onerror/config/config.default.js",
    "start": 1588598057891,
    "end": 1588598057892,
    "duration": 1,
    "pid": 17172,
    "index": 7
  },
  {
    "name": "Require(5) node_modules/egg-i18n/config/config.default.js",
    "start": 1588598057893,
    "end": 1588598057894,
    "duration": 1,
    "pid": 17172,
    "index": 8
  },
  {
    "name": "Require(6) node_modules/egg-watcher/config/config.default.js",
    "start": 1588598057895,
    "end": 1588598057897,
    "duration": 2,
    "pid": 17172,
    "index": 9
  },
  {
    "name": "Require(7) node_modules/egg-schedule/config/config.default.js",
    "start": 1588598057898,
    "end": 1588598057899,
    "duration": 1,
    "pid": 17172,
    "index": 10
  },
  {
    "name": "Require(8) node_modules/egg-multipart/config/config.default.js",
    "start": 1588598057900,
    "end": 1588598057902,
    "duration": 2,
    "pid": 17172,
    "index": 11
  },
  {
    "name": "Require(9) node_modules/egg-development/config/config.default.js",
    "start": 1588598057903,
    "end": 1588598057904,
    "duration": 1,
    "pid": 17172,
    "index": 12
  },
  {
    "name": "Require(10) node_modules/egg-logrotator/config/config.default.js",
    "start": 1588598057905,
    "end": 1588598057906,
    "duration": 1,
    "pid": 17172,
    "index": 13
  },
  {
    "name": "Require(11) node_modules/egg-static/config/config.default.js",
    "start": 1588598057907,
    "end": 1588598057908,
    "duration": 1,
    "pid": 17172,
    "index": 14
  },
  {
    "name": "Require(12) node_modules/egg-view/config/config.default.js",
    "start": 1588598057909,
    "end": 1588598057910,
    "duration": 1,
    "pid": 17172,
    "index": 15
  },
  {
    "name": "Require(13) node_modules/egg-mysql/config/config.default.js",
    "start": 1588598057911,
    "end": 1588598057913,
    "duration": 2,
    "pid": 17172,
    "index": 16
  },
  {
    "name": "Require(14) node_modules/egg-cors/config/config.default.js",
    "start": 1588598057914,
    "end": 1588598057915,
    "duration": 1,
    "pid": 17172,
    "index": 17
  },
  {
    "name": "Require(15) node_modules/egg/config/config.default.js",
    "start": 1588598057915,
    "end": 1588598057916,
    "duration": 1,
    "pid": 17172,
    "index": 18
  },
  {
    "name": "Require(16) config/config.default.js",
    "start": 1588598057920,
    "end": 1588598057920,
    "duration": 0,
    "pid": 17172,
    "index": 19
  },
  {
    "name": "Require(17) node_modules/egg-security/config/config.local.js",
    "start": 1588598057922,
    "end": 1588598057923,
    "duration": 1,
    "pid": 17172,
    "index": 20
  },
  {
    "name": "Require(18) node_modules/egg-watcher/config/config.local.js",
    "start": 1588598057925,
    "end": 1588598057926,
    "duration": 1,
    "pid": 17172,
    "index": 21
  },
  {
    "name": "Require(19) node_modules/egg-view/config/config.local.js",
    "start": 1588598057930,
    "end": 1588598057931,
    "duration": 1,
    "pid": 17172,
    "index": 22
  },
  {
    "name": "Require(20) node_modules/egg/config/config.local.js",
    "start": 1588598057933,
    "end": 1588598057934,
    "duration": 1,
    "pid": 17172,
    "index": 23
  },
  {
    "name": "Load extend/application.js",
    "start": 1588598057935,
    "end": 1588598057983,
    "duration": 48,
    "pid": 17172,
    "index": 24
  },
  {
    "name": "Require(21) node_modules/egg-session/app/extend/application.js",
    "start": 1588598057936,
    "end": 1588598057937,
    "duration": 1,
    "pid": 17172,
    "index": 25
  },
  {
    "name": "Require(22) node_modules/egg-security/app/extend/application.js",
    "start": 1588598057939,
    "end": 1588598057942,
    "duration": 3,
    "pid": 17172,
    "index": 26
  },
  {
    "name": "Require(23) node_modules/egg-jsonp/app/extend/application.js",
    "start": 1588598057944,
    "end": 1588598057947,
    "duration": 3,
    "pid": 17172,
    "index": 27
  },
  {
    "name": "Require(24) node_modules/egg-logrotator/app/extend/application.js",
    "start": 1588598057954,
    "end": 1588598057964,
    "duration": 10,
    "pid": 17172,
    "index": 28
  },
  {
    "name": "Require(25) node_modules/egg-view/app/extend/application.js",
    "start": 1588598057966,
    "end": 1588598057970,
    "duration": 4,
    "pid": 17172,
    "index": 29
  },
  {
    "name": "Load extend/request.js",
    "start": 1588598057983,
    "end": 1588598058005,
    "duration": 22,
    "pid": 17172,
    "index": 30
  },
  {
    "name": "Require(26) node_modules/egg/app/extend/request.js",
    "start": 1588598057993,
    "end": 1588598057994,
    "duration": 1,
    "pid": 17172,
    "index": 31
  },
  {
    "name": "Load extend/response.js",
    "start": 1588598058005,
    "end": 1588598058026,
    "duration": 21,
    "pid": 17172,
    "index": 32
  },
  {
    "name": "Require(27) node_modules/egg/app/extend/response.js",
    "start": 1588598058013,
    "end": 1588598058017,
    "duration": 4,
    "pid": 17172,
    "index": 33
  },
  {
    "name": "Load extend/context.js",
    "start": 1588598058026,
    "end": 1588598058145,
    "duration": 119,
    "pid": 17172,
    "index": 34
  },
  {
    "name": "Require(28) node_modules/egg-security/app/extend/context.js",
    "start": 1588598058028,
    "end": 1588598058050,
    "duration": 22,
    "pid": 17172,
    "index": 35
  },
  {
    "name": "Require(29) node_modules/egg-jsonp/app/extend/context.js",
    "start": 1588598058051,
    "end": 1588598058054,
    "duration": 3,
    "pid": 17172,
    "index": 36
  },
  {
    "name": "Require(30) node_modules/egg-i18n/app/extend/context.js",
    "start": 1588598058055,
    "end": 1588598058056,
    "duration": 1,
    "pid": 17172,
    "index": 37
  },
  {
    "name": "Require(31) node_modules/egg-multipart/app/extend/context.js",
    "start": 1588598058058,
    "end": 1588598058128,
    "duration": 70,
    "pid": 17172,
    "index": 38
  },
  {
    "name": "Require(32) node_modules/egg-view/app/extend/context.js",
    "start": 1588598058130,
    "end": 1588598058132,
    "duration": 2,
    "pid": 17172,
    "index": 39
  },
  {
    "name": "Require(33) node_modules/egg/app/extend/context.js",
    "start": 1588598058134,
    "end": 1588598058135,
    "duration": 1,
    "pid": 17172,
    "index": 40
  },
  {
    "name": "Load extend/helper.js",
    "start": 1588598058145,
    "end": 1588598058201,
    "duration": 56,
    "pid": 17172,
    "index": 41
  },
  {
    "name": "Require(34) node_modules/egg-security/app/extend/helper.js",
    "start": 1588598058146,
    "end": 1588598058183,
    "duration": 37,
    "pid": 17172,
    "index": 42
  },
  {
    "name": "Require(35) node_modules/egg/app/extend/helper.js",
    "start": 1588598058190,
    "end": 1588598058191,
    "duration": 1,
    "pid": 17172,
    "index": 43
  },
  {
    "name": "Load app.js",
    "start": 1588598058201,
    "end": 1588598058339,
    "duration": 138,
    "pid": 17172,
    "index": 44
  },
  {
    "name": "Require(36) node_modules/egg-session/app.js",
    "start": 1588598058202,
    "end": 1588598058202,
    "duration": 0,
    "pid": 17172,
    "index": 45
  },
  {
    "name": "Require(37) node_modules/egg-security/app.js",
    "start": 1588598058203,
    "end": 1588598058207,
    "duration": 4,
    "pid": 17172,
    "index": 46
  },
  {
    "name": "Require(38) node_modules/egg-onerror/app.js",
    "start": 1588598058208,
    "end": 1588598058228,
    "duration": 20,
    "pid": 17172,
    "index": 47
  },
  {
    "name": "Require(39) node_modules/egg-i18n/app.js",
    "start": 1588598058229,
    "end": 1588598058261,
    "duration": 32,
    "pid": 17172,
    "index": 48
  },
  {
    "name": "Require(40) node_modules/egg-watcher/app.js",
    "start": 1588598058262,
    "end": 1588598058270,
    "duration": 8,
    "pid": 17172,
    "index": 49
  },
  {
    "name": "Require(41) node_modules/egg-schedule/app.js",
    "start": 1588598058271,
    "end": 1588598058274,
    "duration": 3,
    "pid": 17172,
    "index": 50
  },
  {
    "name": "Require(42) node_modules/egg-multipart/app.js",
    "start": 1588598058275,
    "end": 1588598058287,
    "duration": 12,
    "pid": 17172,
    "index": 51
  },
  {
    "name": "Require(43) node_modules/egg-development/app.js",
    "start": 1588598058288,
    "end": 1588598058288,
    "duration": 0,
    "pid": 17172,
    "index": 52
  },
  {
    "name": "Require(44) node_modules/egg-logrotator/app.js",
    "start": 1588598058289,
    "end": 1588598058290,
    "duration": 1,
    "pid": 17172,
    "index": 53
  },
  {
    "name": "Require(45) node_modules/egg-static/app.js",
    "start": 1588598058290,
    "end": 1588598058291,
    "duration": 1,
    "pid": 17172,
    "index": 54
  },
  {
    "name": "Require(46) node_modules/egg-mysql/app.js",
    "start": 1588598058294,
    "end": 1588598058335,
    "duration": 41,
    "pid": 17172,
    "index": 55
  },
  {
    "name": "Require(47) node_modules/egg-cors/app.js",
    "start": 1588598058336,
    "end": 1588598058336,
    "duration": 0,
    "pid": 17172,
    "index": 56
  },
  {
    "name": "Before Start in node_modules/egg-watcher/lib/init.js:15:14",
    "start": 1588598058357,
    "end": 1588598058858,
    "duration": 501,
    "pid": 17172,
    "index": 57
  },
  {
    "name": "Before Start in node_modules/egg-mysql/lib/mysql.js:20:7",
    "start": 1588598058587,
    "end": 1588598058906,
    "duration": 319,
    "pid": 17172,
    "index": 58
  },
  {
    "name": "Load Service",
    "start": 1588598058588,
    "end": 1588598058603,
    "duration": 15,
    "pid": 17172,
    "index": 59
  },
  {
    "name": "Load \"service\" to Context",
    "start": 1588598058588,
    "end": 1588598058603,
    "duration": 15,
    "pid": 17172,
    "index": 60
  },
  {
    "name": "Load Middleware",
    "start": 1588598058603,
    "end": 1588598058802,
    "duration": 199,
    "pid": 17172,
    "index": 61
  },
  {
    "name": "Load \"middlewares\" to Application",
    "start": 1588598058604,
    "end": 1588598058783,
    "duration": 179,
    "pid": 17172,
    "index": 62
  },
  {
    "name": "Load Controller",
    "start": 1588598058802,
    "end": 1588598058814,
    "duration": 12,
    "pid": 17172,
    "index": 63
  },
  {
    "name": "Load \"controller\" to Application",
    "start": 1588598058802,
    "end": 1588598058814,
    "duration": 12,
    "pid": 17172,
    "index": 64
  },
  {
    "name": "Load Router",
    "start": 1588598058814,
    "end": 1588598058821,
    "duration": 7,
    "pid": 17172,
    "index": 65
  },
  {
    "name": "Require(48) app/router.js",
    "start": 1588598058815,
    "end": 1588598058816,
    "duration": 1,
    "pid": 17172,
    "index": 66
  },
  {
    "name": "Before Start in node_modules/egg-core/lib/egg.js:303:10",
    "start": 1588598058818,
    "end": 1588598058842,
    "duration": 24,
    "pid": 17172,
    "index": 67
  }
]