[
  {
    "name": "Application Start",
    "start": 1588598678174,
    "end": 1588598679263,
    "duration": 1089,
    "pid": 9552,
    "index": 0
  },
  {
    "name": "Load Plugin",
    "start": 1588598678184,
    "end": 1588598678249,
    "duration": 65,
    "pid": 9552,
    "index": 1
  },
  {
    "name": "Load Config",
    "start": 1588598678249,
    "end": 1588598678312,
    "duration": 63,
    "pid": 9552,
    "index": 2
  },
  {
    "name": "Require(0) config/config.default.js",
    "start": 1588598678250,
    "end": 1588598678251,
    "duration": 1,
    "pid": 9552,
    "index": 3
  },
  {
    "name": "Require(1) node_modules/egg-session/config/config.default.js",
    "start": 1588598678255,
    "end": 1588598678256,
    "duration": 1,
    "pid": 9552,
    "index": 4
  },
  {
    "name": "Require(2) node_modules/egg-security/config/config.default.js",
    "start": 1588598678258,
    "end": 1588598678259,
    "duration": 1,
    "pid": 9552,
    "index": 5
  },
  {
    "name": "Require(3) node_modules/egg-jsonp/config/config.default.js",
    "start": 1588598678261,
    "end": 1588598678265,
    "duration": 4,
    "pid": 9552,
    "index": 6
  },
  {
    "name": "Require(4) node_modules/egg-onerror/config/config.default.js",
    "start": 1588598678266,
    "end": 1588598678268,
    "duration": 2,
    "pid": 9552,
    "index": 7
  },
  {
    "name": "Require(5) node_modules/egg-i18n/config/config.default.js",
    "start": 1588598678269,
    "end": 1588598678270,
    "duration": 1,
    "pid": 9552,
    "index": 8
  },
  {
    "name": "Require(6) node_modules/egg-watcher/config/config.default.js",
    "start": 1588598678272,
    "end": 1588598678274,
    "duration": 2,
    "pid": 9552,
    "index": 9
  },
  {
    "name": "Require(7) node_modules/egg-schedule/config/config.default.js",
    "start": 1588598678275,
    "end": 1588598678276,
    "duration": 1,
    "pid": 9552,
    "index": 10
  },
  {
    "name": "Require(8) node_modules/egg-multipart/config/config.default.js",
    "start": 1588598678277,
    "end": 1588598678278,
    "duration": 1,
    "pid": 9552,
    "index": 11
  },
  {
    "name": "Require(9) node_modules/egg-development/config/config.default.js",
    "start": 1588598678279,
    "end": 1588598678281,
    "duration": 2,
    "pid": 9552,
    "index": 12
  },
  {
    "name": "Require(10) node_modules/egg-logrotator/config/config.default.js",
    "start": 1588598678282,
    "end": 1588598678283,
    "duration": 1,
    "pid": 9552,
    "index": 13
  },
  {
    "name": "Require(11) node_modules/egg-static/config/config.default.js",
    "start": 1588598678284,
    "end": 1588598678286,
    "duration": 2,
    "pid": 9552,
    "index": 14
  },
  {
    "name": "Require(12) node_modules/egg-view/config/config.default.js",
    "start": 1588598678287,
    "end": 1588598678288,
    "duration": 1,
    "pid": 9552,
    "index": 15
  },
  {
    "name": "Require(13) node_modules/egg-mysql/config/config.default.js",
    "start": 1588598678289,
    "end": 1588598678293,
    "duration": 4,
    "pid": 9552,
    "index": 16
  },
  {
    "name": "Require(14) node_modules/egg-cors/config/config.default.js",
    "start": 1588598678294,
    "end": 1588598678295,
    "duration": 1,
    "pid": 9552,
    "index": 17
  },
  {
    "name": "Require(15) node_modules/egg/config/config.default.js",
    "start": 1588598678296,
    "end": 1588598678297,
    "duration": 1,
    "pid": 9552,
    "index": 18
  },
  {
    "name": "Require(16) config/config.default.js",
    "start": 1588598678298,
    "end": 1588598678298,
    "duration": 0,
    "pid": 9552,
    "index": 19
  },
  {
    "name": "Require(17) node_modules/egg-security/config/config.local.js",
    "start": 1588598678300,
    "end": 1588598678301,
    "duration": 1,
    "pid": 9552,
    "index": 20
  },
  {
    "name": "Require(18) node_modules/egg-watcher/config/config.local.js",
    "start": 1588598678304,
    "end": 1588598678304,
    "duration": 0,
    "pid": 9552,
    "index": 21
  },
  {
    "name": "Require(19) node_modules/egg-view/config/config.local.js",
    "start": 1588598678308,
    "end": 1588598678309,
    "duration": 1,
    "pid": 9552,
    "index": 22
  },
  {
    "name": "Require(20) node_modules/egg/config/config.local.js",
    "start": 1588598678312,
    "end": 1588598678312,
    "duration": 0,
    "pid": 9552,
    "index": 23
  },
  {
    "name": "Load extend/application.js",
    "start": 1588598678314,
    "end": 1588598678353,
    "duration": 39,
    "pid": 9552,
    "index": 24
  },
  {
    "name": "Require(21) node_modules/egg-session/app/extend/application.js",
    "start": 1588598678315,
    "end": 1588598678316,
    "duration": 1,
    "pid": 9552,
    "index": 25
  },
  {
    "name": "Require(22) node_modules/egg-security/app/extend/application.js",
    "start": 1588598678317,
    "end": 1588598678321,
    "duration": 4,
    "pid": 9552,
    "index": 26
  },
  {
    "name": "Require(23) node_modules/egg-jsonp/app/extend/application.js",
    "start": 1588598678322,
    "end": 1588598678326,
    "duration": 4,
    "pid": 9552,
    "index": 27
  },
  {
    "name": "Require(24) node_modules/egg-logrotator/app/extend/application.js",
    "start": 1588598678331,
    "end": 1588598678335,
    "duration": 4,
    "pid": 9552,
    "index": 28
  },
  {
    "name": "Require(25) node_modules/egg-view/app/extend/application.js",
    "start": 1588598678338,
    "end": 1588598678341,
    "duration": 3,
    "pid": 9552,
    "index": 29
  },
  {
    "name": "Load extend/request.js",
    "start": 1588598678353,
    "end": 1588598678376,
    "duration": 23,
    "pid": 9552,
    "index": 30
  },
  {
    "name": "Require(26) node_modules/egg/app/extend/request.js",
    "start": 1588598678364,
    "end": 1588598678365,
    "duration": 1,
    "pid": 9552,
    "index": 31
  },
  {
    "name": "Load extend/response.js",
    "start": 1588598678376,
    "end": 1588598678398,
    "duration": 22,
    "pid": 9552,
    "index": 32
  },
  {
    "name": "Require(27) node_modules/egg/app/extend/response.js",
    "start": 1588598678385,
    "end": 1588598678389,
    "duration": 4,
    "pid": 9552,
    "index": 33
  },
  {
    "name": "Load extend/context.js",
    "start": 1588598678398,
    "end": 1588598678526,
    "duration": 128,
    "pid": 9552,
    "index": 34
  },
  {
    "name": "Require(28) node_modules/egg-security/app/extend/context.js",
    "start": 1588598678400,
    "end": 1588598678425,
    "duration": 25,
    "pid": 9552,
    "index": 35
  },
  {
    "name": "Require(29) node_modules/egg-jsonp/app/extend/context.js",
    "start": 1588598678426,
    "end": 1588598678428,
    "duration": 2,
    "pid": 9552,
    "index": 36
  },
  {
    "name": "Require(30) node_modules/egg-i18n/app/extend/context.js",
    "start": 1588598678430,
    "end": 1588598678431,
    "duration": 1,
    "pid": 9552,
    "index": 37
  },
  {
    "name": "Require(31) node_modules/egg-multipart/app/extend/context.js",
    "start": 1588598678434,
    "end": 1588598678509,
    "duration": 75,
    "pid": 9552,
    "index": 38
  },
  {
    "name": "Require(32) node_modules/egg-view/app/extend/context.js",
    "start": 1588598678512,
    "end": 1588598678514,
    "duration": 2,
    "pid": 9552,
    "index": 39
  },
  {
    "name": "Require(33) node_modules/egg/app/extend/context.js",
    "start": 1588598678515,
    "end": 1588598678516,
    "duration": 1,
    "pid": 9552,
    "index": 40
  },
  {
    "name": "Load extend/helper.js",
    "start": 1588598678526,
    "end": 1588598678602,
    "duration": 76,
    "pid": 9552,
    "index": 41
  },
  {
    "name": "Require(34) node_modules/egg-security/app/extend/helper.js",
    "start": 1588598678528,
    "end": 1588598678577,
    "duration": 49,
    "pid": 9552,
    "index": 42
  },
  {
    "name": "Require(35) node_modules/egg/app/extend/helper.js",
    "start": 1588598678588,
    "end": 1588598678589,
    "duration": 1,
    "pid": 9552,
    "index": 43
  },
  {
    "name": "Load app.js",
    "start": 1588598678602,
    "end": 1588598678760,
    "duration": 158,
    "pid": 9552,
    "index": 44
  },
  {
    "name": "Require(36) node_modules/egg-session/app.js",
    "start": 1588598678603,
    "end": 1588598678604,
    "duration": 1,
    "pid": 9552,
    "index": 45
  },
  {
    "name": "Require(37) node_modules/egg-security/app.js",
    "start": 1588598678604,
    "end": 1588598678608,
    "duration": 4,
    "pid": 9552,
    "index": 46
  },
  {
    "name": "Require(38) node_modules/egg-onerror/app.js",
    "start": 1588598678610,
    "end": 1588598678633,
    "duration": 23,
    "pid": 9552,
    "index": 47
  },
  {
    "name": "Require(39) node_modules/egg-i18n/app.js",
    "start": 1588598678634,
    "end": 1588598678673,
    "duration": 39,
    "pid": 9552,
    "index": 48
  },
  {
    "name": "Require(40) node_modules/egg-watcher/app.js",
    "start": 1588598678674,
    "end": 1588598678684,
    "duration": 10,
    "pid": 9552,
    "index": 49
  },
  {
    "name": "Require(41) node_modules/egg-schedule/app.js",
    "start": 1588598678685,
    "end": 1588598678692,
    "duration": 7,
    "pid": 9552,
    "index": 50
  },
  {
    "name": "Require(42) node_modules/egg-multipart/app.js",
    "start": 1588598678693,
    "end": 1588598678700,
    "duration": 7,
    "pid": 9552,
    "index": 51
  },
  {
    "name": "Require(43) node_modules/egg-development/app.js",
    "start": 1588598678701,
    "end": 1588598678702,
    "duration": 1,
    "pid": 9552,
    "index": 52
  },
  {
    "name": "Require(44) node_modules/egg-logrotator/app.js",
    "start": 1588598678703,
    "end": 1588598678703,
    "duration": 0,
    "pid": 9552,
    "index": 53
  },
  {
    "name": "Require(45) node_modules/egg-static/app.js",
    "start": 1588598678704,
    "end": 1588598678705,
    "duration": 1,
    "pid": 9552,
    "index": 54
  },
  {
    "name": "Require(46) node_modules/egg-mysql/app.js",
    "start": 1588598678707,
    "end": 1588598678755,
    "duration": 48,
    "pid": 9552,
    "index": 55
  },
  {
    "name": "Require(47) node_modules/egg-cors/app.js",
    "start": 1588598678756,
    "end": 1588598678757,
    "duration": 1,
    "pid": 9552,
    "index": 56
  },
  {
    "name": "Before Start in node_modules/egg-watcher/lib/init.js:15:14",
    "start": 1588598678781,
    "end": 1588598679250,
    "duration": 469,
    "pid": 9552,
    "index": 57
  },
  {
    "name": "Before Start in node_modules/egg-mysql/lib/mysql.js:20:7",
    "start": 1588598678977,
    "end": 1588598679262,
    "duration": 285,
    "pid": 9552,
    "index": 58
  },
  {
    "name": "Load Service",
    "start": 1588598678979,
    "end": 1588598678991,
    "duration": 12,
    "pid": 9552,
    "index": 59
  },
  {
    "name": "Load \"service\" to Context",
    "start": 1588598678980,
    "end": 1588598678991,
    "duration": 11,
    "pid": 9552,
    "index": 60
  },
  {
    "name": "Load Middleware",
    "start": 1588598678991,
    "end": 1588598679188,
    "duration": 197,
    "pid": 9552,
    "index": 61
  },
  {
    "name": "Load \"middlewares\" to Application",
    "start": 1588598678991,
    "end": 1588598679169,
    "duration": 178,
    "pid": 9552,
    "index": 62
  },
  {
    "name": "Load Controller",
    "start": 1588598679188,
    "end": 1588598679201,
    "duration": 13,
    "pid": 9552,
    "index": 63
  },
  {
    "name": "Load \"controller\" to Application",
    "start": 1588598679189,
    "end": 1588598679201,
    "duration": 12,
    "pid": 9552,
    "index": 64
  },
  {
    "name": "Load Router",
    "start": 1588598679201,
    "end": 1588598679208,
    "duration": 7,
    "pid": 9552,
    "index": 65
  },
  {
    "name": "Require(48) app/router.js",
    "start": 1588598679202,
    "end": 1588598679203,
    "duration": 1,
    "pid": 9552,
    "index": 66
  },
  {
    "name": "Before Start in node_modules/egg-core/lib/egg.js:303:10",
    "start": 1588598679205,
    "end": 1588598679227,
    "duration": 22,
    "pid": 9552,
    "index": 67
  }
]