[
  {
    "name": "Application Start",
    "start": 1588592285956,
    "end": 1588592287793,
    "duration": 1837,
    "pid": 5228,
    "index": 0
  },
  {
    "name": "Load Plugin",
    "start": 1588592285973,
    "end": 1588592286087,
    "duration": 114,
    "pid": 5228,
    "index": 1
  },
  {
    "name": "Load Config",
    "start": 1588592286087,
    "end": 1588592286177,
    "duration": 90,
    "pid": 5228,
    "index": 2
  },
  {
    "name": "Require(0) config/config.default.js",
    "start": 1588592286089,
    "end": 1588592286090,
    "duration": 1,
    "pid": 5228,
    "index": 3
  },
  {
    "name": "Require(1) node_modules/egg-session/config/config.default.js",
    "start": 1588592286094,
    "end": 1588592286096,
    "duration": 2,
    "pid": 5228,
    "index": 4
  },
  {
    "name": "Require(2) node_modules/egg-security/config/config.default.js",
    "start": 1588592286097,
    "end": 1588592286099,
    "duration": 2,
    "pid": 5228,
    "index": 5
  },
  {
    "name": "Require(3) node_modules/egg-jsonp/config/config.default.js",
    "start": 1588592286102,
    "end": 1588592286105,
    "duration": 3,
    "pid": 5228,
    "index": 6
  },
  {
    "name": "Require(4) node_modules/egg-onerror/config/config.default.js",
    "start": 1588592286107,
    "end": 1588592286109,
    "duration": 2,
    "pid": 5228,
    "index": 7
  },
  {
    "name": "Require(5) node_modules/egg-i18n/config/config.default.js",
    "start": 1588592286110,
    "end": 1588592286112,
    "duration": 2,
    "pid": 5228,
    "index": 8
  },
  {
    "name": "Require(6) node_modules/egg-watcher/config/config.default.js",
    "start": 1588592286114,
    "end": 1588592286116,
    "duration": 2,
    "pid": 5228,
    "index": 9
  },
  {
    "name": "Require(7) node_modules/egg-schedule/config/config.default.js",
    "start": 1588592286117,
    "end": 1588592286119,
    "duration": 2,
    "pid": 5228,
    "index": 10
  },
  {
    "name": "Require(8) node_modules/egg-multipart/config/config.default.js",
    "start": 1588592286121,
    "end": 1588592286123,
    "duration": 2,
    "pid": 5228,
    "index": 11
  },
  {
    "name": "Require(9) node_modules/egg-development/config/config.default.js",
    "start": 1588592286125,
    "end": 1588592286126,
    "duration": 1,
    "pid": 5228,
    "index": 12
  },
  {
    "name": "Require(10) node_modules/egg-logrotator/config/config.default.js",
    "start": 1588592286128,
    "end": 1588592286130,
    "duration": 2,
    "pid": 5228,
    "index": 13
  },
  {
    "name": "Require(11) node_modules/egg-static/config/config.default.js",
    "start": 1588592286132,
    "end": 1588592286133,
    "duration": 1,
    "pid": 5228,
    "index": 14
  },
  {
    "name": "Require(12) node_modules/egg-view/config/config.default.js",
    "start": 1588592286135,
    "end": 1588592286137,
    "duration": 2,
    "pid": 5228,
    "index": 15
  },
  {
    "name": "Require(13) node_modules/egg-mysql/config/config.default.js",
    "start": 1588592286138,
    "end": 1588592286140,
    "duration": 2,
    "pid": 5228,
    "index": 16
  },
  {
    "name": "Require(14) node_modules/egg-cors/config/config.default.js",
    "start": 1588592286142,
    "end": 1588592286144,
    "duration": 2,
    "pid": 5228,
    "index": 17
  },
  {
    "name": "Require(15) node_modules/egg/config/config.default.js",
    "start": 1588592286145,
    "end": 1588592286146,
    "duration": 1,
    "pid": 5228,
    "index": 18
  },
  {
    "name": "Require(16) config/config.default.js",
    "start": 1588592286157,
    "end": 1588592286157,
    "duration": 0,
    "pid": 5228,
    "index": 19
  },
  {
    "name": "Require(17) node_modules/egg-security/config/config.local.js",
    "start": 1588592286159,
    "end": 1588592286160,
    "duration": 1,
    "pid": 5228,
    "index": 20
  },
  {
    "name": "Require(18) node_modules/egg-watcher/config/config.local.js",
    "start": 1588592286164,
    "end": 1588592286165,
    "duration": 1,
    "pid": 5228,
    "index": 21
  },
  {
    "name": "Require(19) node_modules/egg-view/config/config.local.js",
    "start": 1588592286172,
    "end": 1588592286172,
    "duration": 0,
    "pid": 5228,
    "index": 22
  },
  {
    "name": "Require(20) node_modules/egg/config/config.local.js",
    "start": 1588592286176,
    "end": 1588592286177,
    "duration": 1,
    "pid": 5228,
    "index": 23
  },
  {
    "name": "Load extend/application.js",
    "start": 1588592286179,
    "end": 1588592286236,
    "duration": 57,
    "pid": 5228,
    "index": 24
  },
  {
    "name": "Require(21) node_modules/egg-session/app/extend/application.js",
    "start": 1588592286181,
    "end": 1588592286182,
    "duration": 1,
    "pid": 5228,
    "index": 25
  },
  {
    "name": "Require(22) node_modules/egg-security/app/extend/application.js",
    "start": 1588592286184,
    "end": 1588592286189,
    "duration": 5,
    "pid": 5228,
    "index": 26
  },
  {
    "name": "Require(23) node_modules/egg-jsonp/app/extend/application.js",
    "start": 1588592286191,
    "end": 1588592286197,
    "duration": 6,
    "pid": 5228,
    "index": 27
  },
  {
    "name": "Require(24) node_modules/egg-logrotator/app/extend/application.js",
    "start": 1588592286204,
    "end": 1588592286210,
    "duration": 6,
    "pid": 5228,
    "index": 28
  },
  {
    "name": "Require(25) node_modules/egg-view/app/extend/application.js",
    "start": 1588592286212,
    "end": 1588592286217,
    "duration": 5,
    "pid": 5228,
    "index": 29
  },
  {
    "name": "Load extend/request.js",
    "start": 1588592286236,
    "end": 1588592286270,
    "duration": 34,
    "pid": 5228,
    "index": 30
  },
  {
    "name": "Require(26) node_modules/egg/app/extend/request.js",
    "start": 1588592286252,
    "end": 1588592286255,
    "duration": 3,
    "pid": 5228,
    "index": 31
  },
  {
    "name": "Load extend/response.js",
    "start": 1588592286270,
    "end": 1588592286320,
    "duration": 50,
    "pid": 5228,
    "index": 32
  },
  {
    "name": "Require(27) node_modules/egg/app/extend/response.js",
    "start": 1588592286286,
    "end": 1588592286304,
    "duration": 18,
    "pid": 5228,
    "index": 33
  },
  {
    "name": "Load extend/context.js",
    "start": 1588592286320,
    "end": 1588592286880,
    "duration": 560,
    "pid": 5228,
    "index": 34
  },
  {
    "name": "Require(28) node_modules/egg-security/app/extend/context.js",
    "start": 1588592286322,
    "end": 1588592286400,
    "duration": 78,
    "pid": 5228,
    "index": 35
  },
  {
    "name": "Require(29) node_modules/egg-jsonp/app/extend/context.js",
    "start": 1588592286401,
    "end": 1588592286406,
    "duration": 5,
    "pid": 5228,
    "index": 36
  },
  {
    "name": "Require(30) node_modules/egg-i18n/app/extend/context.js",
    "start": 1588592286409,
    "end": 1588592286411,
    "duration": 2,
    "pid": 5228,
    "index": 37
  },
  {
    "name": "Require(31) node_modules/egg-multipart/app/extend/context.js",
    "start": 1588592286415,
    "end": 1588592286853,
    "duration": 438,
    "pid": 5228,
    "index": 38
  },
  {
    "name": "Require(32) node_modules/egg-view/app/extend/context.js",
    "start": 1588592286857,
    "end": 1588592286860,
    "duration": 3,
    "pid": 5228,
    "index": 39
  },
  {
    "name": "Require(33) node_modules/egg/app/extend/context.js",
    "start": 1588592286863,
    "end": 1588592286865,
    "duration": 2,
    "pid": 5228,
    "index": 40
  },
  {
    "name": "Load extend/helper.js",
    "start": 1588592286881,
    "end": 1588592286967,
    "duration": 86,
    "pid": 5228,
    "index": 41
  },
  {
    "name": "Require(34) node_modules/egg-security/app/extend/helper.js",
    "start": 1588592286883,
    "end": 1588592286939,
    "duration": 56,
    "pid": 5228,
    "index": 42
  },
  {
    "name": "Require(35) node_modules/egg/app/extend/helper.js",
    "start": 1588592286951,
    "end": 1588592286952,
    "duration": 1,
    "pid": 5228,
    "index": 43
  },
  {
    "name": "Load app.js",
    "start": 1588592286968,
    "end": 1588592287157,
    "duration": 189,
    "pid": 5228,
    "index": 44
  },
  {
    "name": "Require(36) node_modules/egg-session/app.js",
    "start": 1588592286969,
    "end": 1588592286970,
    "duration": 1,
    "pid": 5228,
    "index": 45
  },
  {
    "name": "Require(37) node_modules/egg-security/app.js",
    "start": 1588592286972,
    "end": 1588592286977,
    "duration": 5,
    "pid": 5228,
    "index": 46
  },
  {
    "name": "Require(38) node_modules/egg-onerror/app.js",
    "start": 1588592286979,
    "end": 1588592287008,
    "duration": 29,
    "pid": 5228,
    "index": 47
  },
  {
    "name": "Require(39) node_modules/egg-i18n/app.js",
    "start": 1588592287009,
    "end": 1588592287056,
    "duration": 47,
    "pid": 5228,
    "index": 48
  },
  {
    "name": "Require(40) node_modules/egg-watcher/app.js",
    "start": 1588592287057,
    "end": 1588592287065,
    "duration": 8,
    "pid": 5228,
    "index": 49
  },
  {
    "name": "Require(41) node_modules/egg-schedule/app.js",
    "start": 1588592287066,
    "end": 1588592287070,
    "duration": 4,
    "pid": 5228,
    "index": 50
  },
  {
    "name": "Require(42) node_modules/egg-multipart/app.js",
    "start": 1588592287071,
    "end": 1588592287085,
    "duration": 14,
    "pid": 5228,
    "index": 51
  },
  {
    "name": "Require(43) node_modules/egg-development/app.js",
    "start": 1588592287086,
    "end": 1588592287087,
    "duration": 1,
    "pid": 5228,
    "index": 52
  },
  {
    "name": "Require(44) node_modules/egg-logrotator/app.js",
    "start": 1588592287089,
    "end": 1588592287090,
    "duration": 1,
    "pid": 5228,
    "index": 53
  },
  {
    "name": "Require(45) node_modules/egg-static/app.js",
    "start": 1588592287091,
    "end": 1588592287092,
    "duration": 1,
    "pid": 5228,
    "index": 54
  },
  {
    "name": "Require(46) node_modules/egg-mysql/app.js",
    "start": 1588592287094,
    "end": 1588592287151,
    "duration": 57,
    "pid": 5228,
    "index": 55
  },
  {
    "name": "Require(47) node_modules/egg-cors/app.js",
    "start": 1588592287152,
    "end": 1588592287153,
    "duration": 1,
    "pid": 5228,
    "index": 56
  },
  {
    "name": "Before Start in node_modules/egg-watcher/lib/init.js:15:14",
    "start": 1588592287183,
    "end": 1588592287781,
    "duration": 598,
    "pid": 5228,
    "index": 57
  },
  {
    "name": "Before Start in node_modules/egg-mysql/lib/mysql.js:20:7",
    "start": 1588592287418,
    "end": 1588592287792,
    "duration": 374,
    "pid": 5228,
    "index": 58
  },
  {
    "name": "Load Service",
    "start": 1588592287419,
    "end": 1588592287434,
    "duration": 15,
    "pid": 5228,
    "index": 59
  },
  {
    "name": "Load \"service\" to Context",
    "start": 1588592287419,
    "end": 1588592287434,
    "duration": 15,
    "pid": 5228,
    "index": 60
  },
  {
    "name": "Load Middleware",
    "start": 1588592287435,
    "end": 1588592287698,
    "duration": 263,
    "pid": 5228,
    "index": 61
  },
  {
    "name": "Load \"middlewares\" to Application",
    "start": 1588592287435,
    "end": 1588592287672,
    "duration": 237,
    "pid": 5228,
    "index": 62
  },
  {
    "name": "Load Controller",
    "start": 1588592287698,
    "end": 1588592287714,
    "duration": 16,
    "pid": 5228,
    "index": 63
  },
  {
    "name": "Load \"controller\" to Application",
    "start": 1588592287698,
    "end": 1588592287714,
    "duration": 16,
    "pid": 5228,
    "index": 64
  },
  {
    "name": "Load Router",
    "start": 1588592287714,
    "end": 1588592287724,
    "duration": 10,
    "pid": 5228,
    "index": 65
  },
  {
    "name": "Require(48) app/router.js",
    "start": 1588592287715,
    "end": 1588592287716,
    "duration": 1,
    "pid": 5228,
    "index": 66
  },
  {
    "name": "Before Start in node_modules/egg-core/lib/egg.js:303:10",
    "start": 1588592287719,
    "end": 1588592287757,
    "duration": 38,
    "pid": 5228,
    "index": 67
  }
]