[
  {
    "name": "Application Start",
    "start": 1588593350544,
    "end": 1588593352131,
    "duration": 1587,
    "pid": 9120,
    "index": 0
  },
  {
    "name": "Load Plugin",
    "start": 1588593350556,
    "end": 1588593350632,
    "duration": 76,
    "pid": 9120,
    "index": 1
  },
  {
    "name": "Load Config",
    "start": 1588593350632,
    "end": 1588593350704,
    "duration": 72,
    "pid": 9120,
    "index": 2
  },
  {
    "name": "Require(0) config/config.default.js",
    "start": 1588593350634,
    "end": 1588593350635,
    "duration": 1,
    "pid": 9120,
    "index": 3
  },
  {
    "name": "Require(1) node_modules/egg-session/config/config.default.js",
    "start": 1588593350638,
    "end": 1588593350639,
    "duration": 1,
    "pid": 9120,
    "index": 4
  },
  {
    "name": "Require(2) node_modules/egg-security/config/config.default.js",
    "start": 1588593350641,
    "end": 1588593350642,
    "duration": 1,
    "pid": 9120,
    "index": 5
  },
  {
    "name": "Require(3) node_modules/egg-jsonp/config/config.default.js",
    "start": 1588593350644,
    "end": 1588593350645,
    "duration": 1,
    "pid": 9120,
    "index": 6
  },
  {
    "name": "Require(4) node_modules/egg-onerror/config/config.default.js",
    "start": 1588593350646,
    "end": 1588593350647,
    "duration": 1,
    "pid": 9120,
    "index": 7
  },
  {
    "name": "Require(5) node_modules/egg-i18n/config/config.default.js",
    "start": 1588593350648,
    "end": 1588593350650,
    "duration": 2,
    "pid": 9120,
    "index": 8
  },
  {
    "name": "Require(6) node_modules/egg-watcher/config/config.default.js",
    "start": 1588593350652,
    "end": 1588593350653,
    "duration": 1,
    "pid": 9120,
    "index": 9
  },
  {
    "name": "Require(7) node_modules/egg-schedule/config/config.default.js",
    "start": 1588593350654,
    "end": 1588593350655,
    "duration": 1,
    "pid": 9120,
    "index": 10
  },
  {
    "name": "Require(8) node_modules/egg-multipart/config/config.default.js",
    "start": 1588593350657,
    "end": 1588593350658,
    "duration": 1,
    "pid": 9120,
    "index": 11
  },
  {
    "name": "Require(9) node_modules/egg-development/config/config.default.js",
    "start": 1588593350660,
    "end": 1588593350661,
    "duration": 1,
    "pid": 9120,
    "index": 12
  },
  {
    "name": "Require(10) node_modules/egg-logrotator/config/config.default.js",
    "start": 1588593350662,
    "end": 1588593350663,
    "duration": 1,
    "pid": 9120,
    "index": 13
  },
  {
    "name": "Require(11) node_modules/egg-static/config/config.default.js",
    "start": 1588593350664,
    "end": 1588593350666,
    "duration": 2,
    "pid": 9120,
    "index": 14
  },
  {
    "name": "Require(12) node_modules/egg-view/config/config.default.js",
    "start": 1588593350668,
    "end": 1588593350670,
    "duration": 2,
    "pid": 9120,
    "index": 15
  },
  {
    "name": "Require(13) node_modules/egg-mysql/config/config.default.js",
    "start": 1588593350671,
    "end": 1588593350673,
    "duration": 2,
    "pid": 9120,
    "index": 16
  },
  {
    "name": "Require(14) node_modules/egg-cors/config/config.default.js",
    "start": 1588593350674,
    "end": 1588593350675,
    "duration": 1,
    "pid": 9120,
    "index": 17
  },
  {
    "name": "Require(15) node_modules/egg/config/config.default.js",
    "start": 1588593350676,
    "end": 1588593350677,
    "duration": 1,
    "pid": 9120,
    "index": 18
  },
  {
    "name": "Require(16) config/config.default.js",
    "start": 1588593350684,
    "end": 1588593350684,
    "duration": 0,
    "pid": 9120,
    "index": 19
  },
  {
    "name": "Require(17) node_modules/egg-security/config/config.local.js",
    "start": 1588593350687,
    "end": 1588593350688,
    "duration": 1,
    "pid": 9120,
    "index": 20
  },
  {
    "name": "Require(18) node_modules/egg-watcher/config/config.local.js",
    "start": 1588593350692,
    "end": 1588593350693,
    "duration": 1,
    "pid": 9120,
    "index": 21
  },
  {
    "name": "Require(19) node_modules/egg-view/config/config.local.js",
    "start": 1588593350698,
    "end": 1588593350700,
    "duration": 2,
    "pid": 9120,
    "index": 22
  },
  {
    "name": "Require(20) node_modules/egg/config/config.local.js",
    "start": 1588593350703,
    "end": 1588593350704,
    "duration": 1,
    "pid": 9120,
    "index": 23
  },
  {
    "name": "Load extend/application.js",
    "start": 1588593350705,
    "end": 1588593350769,
    "duration": 64,
    "pid": 9120,
    "index": 24
  },
  {
    "name": "Require(21) node_modules/egg-session/app/extend/application.js",
    "start": 1588593350708,
    "end": 1588593350709,
    "duration": 1,
    "pid": 9120,
    "index": 25
  },
  {
    "name": "Require(22) node_modules/egg-security/app/extend/application.js",
    "start": 1588593350711,
    "end": 1588593350718,
    "duration": 7,
    "pid": 9120,
    "index": 26
  },
  {
    "name": "Require(23) node_modules/egg-jsonp/app/extend/application.js",
    "start": 1588593350720,
    "end": 1588593350725,
    "duration": 5,
    "pid": 9120,
    "index": 27
  },
  {
    "name": "Require(24) node_modules/egg-logrotator/app/extend/application.js",
    "start": 1588593350734,
    "end": 1588593350739,
    "duration": 5,
    "pid": 9120,
    "index": 28
  },
  {
    "name": "Require(25) node_modules/egg-view/app/extend/application.js",
    "start": 1588593350742,
    "end": 1588593350747,
    "duration": 5,
    "pid": 9120,
    "index": 29
  },
  {
    "name": "Load extend/request.js",
    "start": 1588593350769,
    "end": 1588593350810,
    "duration": 41,
    "pid": 9120,
    "index": 30
  },
  {
    "name": "Require(26) node_modules/egg/app/extend/request.js",
    "start": 1588593350792,
    "end": 1588593350795,
    "duration": 3,
    "pid": 9120,
    "index": 31
  },
  {
    "name": "Load extend/response.js",
    "start": 1588593350810,
    "end": 1588593350856,
    "duration": 46,
    "pid": 9120,
    "index": 32
  },
  {
    "name": "Require(27) node_modules/egg/app/extend/response.js",
    "start": 1588593350824,
    "end": 1588593350830,
    "duration": 6,
    "pid": 9120,
    "index": 33
  },
  {
    "name": "Load extend/context.js",
    "start": 1588593350856,
    "end": 1588593351190,
    "duration": 334,
    "pid": 9120,
    "index": 34
  },
  {
    "name": "Require(28) node_modules/egg-security/app/extend/context.js",
    "start": 1588593350859,
    "end": 1588593350897,
    "duration": 38,
    "pid": 9120,
    "index": 35
  },
  {
    "name": "Require(29) node_modules/egg-jsonp/app/extend/context.js",
    "start": 1588593350898,
    "end": 1588593350903,
    "duration": 5,
    "pid": 9120,
    "index": 36
  },
  {
    "name": "Require(30) node_modules/egg-i18n/app/extend/context.js",
    "start": 1588593350908,
    "end": 1588593350911,
    "duration": 3,
    "pid": 9120,
    "index": 37
  },
  {
    "name": "Require(31) node_modules/egg-multipart/app/extend/context.js",
    "start": 1588593350915,
    "end": 1588593351159,
    "duration": 244,
    "pid": 9120,
    "index": 38
  },
  {
    "name": "Require(32) node_modules/egg-view/app/extend/context.js",
    "start": 1588593351163,
    "end": 1588593351168,
    "duration": 5,
    "pid": 9120,
    "index": 39
  },
  {
    "name": "Require(33) node_modules/egg/app/extend/context.js",
    "start": 1588593351171,
    "end": 1588593351172,
    "duration": 1,
    "pid": 9120,
    "index": 40
  },
  {
    "name": "Load extend/helper.js",
    "start": 1588593351190,
    "end": 1588593351283,
    "duration": 93,
    "pid": 9120,
    "index": 41
  },
  {
    "name": "Require(34) node_modules/egg-security/app/extend/helper.js",
    "start": 1588593351192,
    "end": 1588593351255,
    "duration": 63,
    "pid": 9120,
    "index": 42
  },
  {
    "name": "Require(35) node_modules/egg/app/extend/helper.js",
    "start": 1588593351266,
    "end": 1588593351267,
    "duration": 1,
    "pid": 9120,
    "index": 43
  },
  {
    "name": "Load app.js",
    "start": 1588593351283,
    "end": 1588593351490,
    "duration": 207,
    "pid": 9120,
    "index": 44
  },
  {
    "name": "Require(36) node_modules/egg-session/app.js",
    "start": 1588593351284,
    "end": 1588593351286,
    "duration": 2,
    "pid": 9120,
    "index": 45
  },
  {
    "name": "Require(37) node_modules/egg-security/app.js",
    "start": 1588593351287,
    "end": 1588593351292,
    "duration": 5,
    "pid": 9120,
    "index": 46
  },
  {
    "name": "Require(38) node_modules/egg-onerror/app.js",
    "start": 1588593351295,
    "end": 1588593351325,
    "duration": 30,
    "pid": 9120,
    "index": 47
  },
  {
    "name": "Require(39) node_modules/egg-i18n/app.js",
    "start": 1588593351326,
    "end": 1588593351379,
    "duration": 53,
    "pid": 9120,
    "index": 48
  },
  {
    "name": "Require(40) node_modules/egg-watcher/app.js",
    "start": 1588593351382,
    "end": 1588593351395,
    "duration": 13,
    "pid": 9120,
    "index": 49
  },
  {
    "name": "Require(41) node_modules/egg-schedule/app.js",
    "start": 1588593351397,
    "end": 1588593351402,
    "duration": 5,
    "pid": 9120,
    "index": 50
  },
  {
    "name": "Require(42) node_modules/egg-multipart/app.js",
    "start": 1588593351403,
    "end": 1588593351413,
    "duration": 10,
    "pid": 9120,
    "index": 51
  },
  {
    "name": "Require(43) node_modules/egg-development/app.js",
    "start": 1588593351414,
    "end": 1588593351415,
    "duration": 1,
    "pid": 9120,
    "index": 52
  },
  {
    "name": "Require(44) node_modules/egg-logrotator/app.js",
    "start": 1588593351421,
    "end": 1588593351422,
    "duration": 1,
    "pid": 9120,
    "index": 53
  },
  {
    "name": "Require(45) node_modules/egg-static/app.js",
    "start": 1588593351423,
    "end": 1588593351424,
    "duration": 1,
    "pid": 9120,
    "index": 54
  },
  {
    "name": "Require(46) node_modules/egg-mysql/app.js",
    "start": 1588593351426,
    "end": 1588593351485,
    "duration": 59,
    "pid": 9120,
    "index": 55
  },
  {
    "name": "Require(47) node_modules/egg-cors/app.js",
    "start": 1588593351486,
    "end": 1588593351487,
    "duration": 1,
    "pid": 9120,
    "index": 56
  },
  {
    "name": "Before Start in node_modules/egg-watcher/lib/init.js:15:14",
    "start": 1588593351516,
    "end": 1588593352121,
    "duration": 605,
    "pid": 9120,
    "index": 57
  },
  {
    "name": "Before Start in node_modules/egg-mysql/lib/mysql.js:20:7",
    "start": 1588593351756,
    "end": 1588593352130,
    "duration": 374,
    "pid": 9120,
    "index": 58
  },
  {
    "name": "Load Service",
    "start": 1588593351757,
    "end": 1588593351771,
    "duration": 14,
    "pid": 9120,
    "index": 59
  },
  {
    "name": "Load \"service\" to Context",
    "start": 1588593351757,
    "end": 1588593351771,
    "duration": 14,
    "pid": 9120,
    "index": 60
  },
  {
    "name": "Load Middleware",
    "start": 1588593351772,
    "end": 1588593352060,
    "duration": 288,
    "pid": 9120,
    "index": 61
  },
  {
    "name": "Load \"middlewares\" to Application",
    "start": 1588593351772,
    "end": 1588593352029,
    "duration": 257,
    "pid": 9120,
    "index": 62
  },
  {
    "name": "Load Controller",
    "start": 1588593352060,
    "end": 1588593352075,
    "duration": 15,
    "pid": 9120,
    "index": 63
  },
  {
    "name": "Load \"controller\" to Application",
    "start": 1588593352060,
    "end": 1588593352075,
    "duration": 15,
    "pid": 9120,
    "index": 64
  },
  {
    "name": "Load Router",
    "start": 1588593352075,
    "end": 1588593352084,
    "duration": 9,
    "pid": 9120,
    "index": 65
  },
  {
    "name": "Require(48) app/router.js",
    "start": 1588593352076,
    "end": 1588593352077,
    "duration": 1,
    "pid": 9120,
    "index": 66
  },
  {
    "name": "Before Start in node_modules/egg-core/lib/egg.js:303:10",
    "start": 1588593352079,
    "end": 1588593352107,
    "duration": 28,
    "pid": 9120,
    "index": 67
  }
]